STARTFONT 2.1
COMMENT
COMMENT Converted from OpenType font "NotoSansMath-Regular.ttf" by "otf2bdf 3.0".
COMMENT
FONT -FreeType-Noto Sans Math-Medium-R-Normal--10-100-72-72-P-59-ISO10646-1
SIZE 10 72 72
FONTBOUNDINGBOX 24 19 -6 -4
STARTPROPERTIES 19
FOUNDRY "FreeType"
FAMILY_NAME "Noto Sans Math"
WEIGHT_NAME "Medium"
SLANT "R"
SETWIDTH_NAME "Normal"
ADD_STYLE_NAME ""
PIXEL_SIZE 10
POINT_SIZE 100
RESOLUTION_X 72
RESOLUTION_Y 72
SPACING "P"
AVERAGE_WIDTH 59
CHARSET_REGISTRY "ISO10646"
CHARSET_ENCODING "1"
FONT_ASCENT 10
FONT_DESCENT 4
COPYRIGHT "Copyright 2022 Google LLC. All Rights Reserved."
_OTF_FONTFILE "NotoSansMath-Regular.ttf"
_OTF_PSNAME "NotoSansMath-Regular"
ENDPROPERTIES
CHARS 1805
STARTCHAR 0000
ENCODING 0
SWIDTH 0 0
DWIDTH 0 0
BBX 0 0 0 0
BITMAP
ENDCHAR
STARTCHAR 000D
ENCODING 13
SWIDTH 200 0
DWIDTH 2 0
BBX 0 0 0 0
BITMAP
ENDCHAR
STARTCHAR 0020
ENCODING 32
SWIDTH 200 0
DWIDTH 2 0
BBX 0 0 0 0
BITMAP
ENDCHAR
STARTCHAR 0021
ENCODING 33
SWIDTH 200 0
DWIDTH 2 0
BBX 1 7 1 0
BITMAP
80
80
80
80
80
00
80
ENDCHAR
STARTCHAR 0022
ENCODING 34
SWIDTH 400 0
DWIDTH 4 0
BBX 2 2 1 5
BITMAP
C0
C0
ENDCHAR
STARTCHAR 0023
ENCODING 35
SWIDTH 600 0
DWIDTH 6 0
BBX 6 7 0 0
BITMAP
28
28
7C
48
FC
50
50
ENDCHAR
STARTCHAR 0024
ENCODING 36
SWIDTH 500 0
DWIDTH 5 0
BBX 4 7 1 0
BITMAP
70
C0
C0
60
50
50
E0
ENDCHAR
STARTCHAR 0025
ENCODING 37
SWIDTH 800 0
DWIDTH 8 0
BBX 8 7 0 0
BITMAP
64
A4
A8
6F
15
25
26
ENDCHAR
STARTCHAR 0026
ENCODING 38
SWIDTH 700 0
DWIDTH 7 0
BBX 6 7 1 0
BITMAP
F0
90
60
E4
94
88
F4
ENDCHAR
STARTCHAR 0027
ENCODING 39
SWIDTH 200 0
DWIDTH 2 0
BBX 1 2 1 5
BITMAP
80
80
ENDCHAR
STARTCHAR 0028
ENCODING 40
SWIDTH 300 0
DWIDTH 3 0
BBX 3 10 0 -2
BITMAP
20
40
40
80
80
80
80
40
40
20
ENDCHAR
STARTCHAR 0029
ENCODING 41
SWIDTH 300 0
DWIDTH 3 0
BBX 3 9 0 -1
BITMAP
40
40
20
20
20
20
40
40
80
ENDCHAR
STARTCHAR 002A
ENCODING 42
SWIDTH 500 0
DWIDTH 5 0
BBX 5 5 0 3
BITMAP
20
20
F8
30
50
ENDCHAR
STARTCHAR 002B
ENCODING 43
SWIDTH 500 0
DWIDTH 5 0
BBX 4 5 1 0
BITMAP
40
40
F0
40
40
ENDCHAR
STARTCHAR 002C
ENCODING 44
SWIDTH 200 0
DWIDTH 2 0
BBX 2 2 0 -1
BITMAP
40
80
ENDCHAR
STARTCHAR 002D
ENCODING 45
SWIDTH 300 0
DWIDTH 3 0
BBX 3 1 0 2
BITMAP
E0
ENDCHAR
STARTCHAR 002E
ENCODING 46
SWIDTH 200 0
DWIDTH 2 0
BBX 1 1 1 0
BITMAP
80
ENDCHAR
STARTCHAR 002F
ENCODING 47
SWIDTH 400 0
DWIDTH 4 0
BBX 4 10 0 -2
BITMAP
10
10
10
20
20
40
40
40
80
80
ENDCHAR
STARTCHAR 0030
ENCODING 48
SWIDTH 500 0
DWIDTH 5 0
BBX 5 7 0 0
BITMAP
70
48
88
88
88
48
70
ENDCHAR
STARTCHAR 0031
ENCODING 49
SWIDTH 500 0
DWIDTH 5 0
BBX 3 7 1 0
BITMAP
60
A0
20
20
20
20
20
ENDCHAR
STARTCHAR 0032
ENCODING 50
SWIDTH 500 0
DWIDTH 5 0
BBX 5 7 0 0
BITMAP
78
08
08
10
20
40
F8
ENDCHAR
STARTCHAR 0033
ENCODING 51
SWIDTH 500 0
DWIDTH 5 0
BBX 5 7 0 0
BITMAP
F8
08
08
30
08
08
F0
ENDCHAR
STARTCHAR 0034
ENCODING 52
SWIDTH 500 0
DWIDTH 5 0
BBX 5 7 0 0
BITMAP
10
30
30
50
90
78
10
ENDCHAR
STARTCHAR 0035
ENCODING 53
SWIDTH 500 0
DWIDTH 5 0
BBX 4 7 1 0
BITMAP
F0
80
80
70
10
10
E0
ENDCHAR
STARTCHAR 0036
ENCODING 54
SWIDTH 500 0
DWIDTH 5 0
BBX 4 7 1 0
BITMAP
70
80
80
F0
90
90
F0
ENDCHAR
STARTCHAR 0037
ENCODING 55
SWIDTH 500 0
DWIDTH 5 0
BBX 5 7 0 0
BITMAP
F8
08
10
10
20
20
20
ENDCHAR
STARTCHAR 0038
ENCODING 56
SWIDTH 500 0
DWIDTH 5 0
BBX 5 7 0 0
BITMAP
78
48
48
30
48
88
78
ENDCHAR
STARTCHAR 0039
ENCODING 57
SWIDTH 500 0
DWIDTH 5 0
BBX 5 7 0 0
BITMAP
70
88
88
58
28
08
70
ENDCHAR
STARTCHAR 003A
ENCODING 58
SWIDTH 200 0
DWIDTH 2 0
BBX 1 5 1 1
BITMAP
80
00
00
00
80
ENDCHAR
STARTCHAR 003B
ENCODING 59
SWIDTH 200 0
DWIDTH 2 0
BBX 2 6 0 0
BITMAP
40
00
00
00
40
80
ENDCHAR
STARTCHAR 003C
ENCODING 60
SWIDTH 500 0
DWIDTH 5 0
BBX 5 5 0 0
BITMAP
08
30
C0
30
08
ENDCHAR
STARTCHAR 003D
ENCODING 61
SWIDTH 500 0
DWIDTH 5 0
BBX 4 3 1 1
BITMAP
F0
00
F0
ENDCHAR
STARTCHAR 003E
ENCODING 62
SWIDTH 500 0
DWIDTH 5 0
BBX 4 4 1 0
BITMAP
80
60
10
E0
ENDCHAR
STARTCHAR 003F
ENCODING 63
SWIDTH 400 0
DWIDTH 4 0
BBX 4 7 0 0
BITMAP
F0
10
10
20
40
00
40
ENDCHAR
STARTCHAR 0040
ENCODING 64
SWIDTH 800 0
DWIDTH 8 0
BBX 7 8 1 -1
BITMAP
7C
82
BA
CA
CA
B6
80
78
ENDCHAR
STARTCHAR 0041
ENCODING 65
SWIDTH 600 0
DWIDTH 6 0
BBX 6 7 0 0
BITMAP
10
30
28
48
78
84
84
ENDCHAR
STARTCHAR 0042
ENCODING 66
SWIDTH 600 0
DWIDTH 6 0
BBX 5 7 1 0
BITMAP
F0
88
90
F0
88
88
F0
ENDCHAR
STARTCHAR 0043
ENCODING 67
SWIDTH 600 0
DWIDTH 6 0
BBX 5 7 1 0
BITMAP
78
80
80
80
80
80
78
ENDCHAR
STARTCHAR 0044
ENCODING 68
SWIDTH 700 0
DWIDTH 7 0
BBX 6 7 1 0
BITMAP
F0
88
84
84
84
88
F0
ENDCHAR
STARTCHAR 0045
ENCODING 69
SWIDTH 500 0
DWIDTH 5 0
BBX 4 7 1 0
BITMAP
F0
80
80
F0
80
80
F0
ENDCHAR
STARTCHAR 0046
ENCODING 70
SWIDTH 500 0
DWIDTH 5 0
BBX 4 7 1 0
BITMAP
F0
80
80
F0
80
80
80
ENDCHAR
STARTCHAR 0047
ENCODING 71
SWIDTH 700 0
DWIDTH 7 0
BBX 6 7 1 0
BITMAP
78
80
80
9C
84
84
7C
ENDCHAR
STARTCHAR 0048
ENCODING 72
SWIDTH 700 0
DWIDTH 7 0
BBX 5 7 1 0
BITMAP
88
88
88
F8
88
88
88
ENDCHAR
STARTCHAR 0049
ENCODING 73
SWIDTH 300 0
DWIDTH 3 0
BBX 3 7 0 0
BITMAP
40
40
40
40
40
40
E0
ENDCHAR
STARTCHAR 004A
ENCODING 74
SWIDTH 300 0
DWIDTH 3 0
BBX 3 9 0 -2
BITMAP
20
20
20
20
20
20
20
20
C0
ENDCHAR
STARTCHAR 004B
ENCODING 75
SWIDTH 600 0
DWIDTH 6 0
BBX 5 7 1 0
BITMAP
98
90
A0
E0
A0
90
88
ENDCHAR
STARTCHAR 004C
ENCODING 76
SWIDTH 500 0
DWIDTH 5 0
BBX 4 7 1 0
BITMAP
80
80
80
80
80
80
F0
ENDCHAR
STARTCHAR 004D
ENCODING 77
SWIDTH 900 0
DWIDTH 9 0
BBX 7 7 1 0
BITMAP
C2
C6
C6
AA
AA
B2
92
ENDCHAR
STARTCHAR 004E
ENCODING 78
SWIDTH 700 0
DWIDTH 7 0
BBX 6 7 1 0
BITMAP
84
C4
A4
A4
94
8C
8C
ENDCHAR
STARTCHAR 004F
ENCODING 79
SWIDTH 700 0
DWIDTH 7 0
BBX 6 7 1 0
BITMAP
78
84
84
84
84
84
78
ENDCHAR
STARTCHAR 0050
ENCODING 80
SWIDTH 600 0
DWIDTH 6 0
BBX 5 7 1 0
BITMAP
F0
88
90
F0
80
80
80
ENDCHAR
STARTCHAR 0051
ENCODING 81
SWIDTH 700 0
DWIDTH 7 0
BBX 6 9 1 -2
BITMAP
78
84
84
84
84
84
78
08
0C
ENDCHAR
STARTCHAR 0052
ENCODING 82
SWIDTH 600 0
DWIDTH 6 0
BBX 5 7 1 0
BITMAP
F0
88
90
F0
90
90
88
ENDCHAR
STARTCHAR 0053
ENCODING 83
SWIDTH 500 0
DWIDTH 5 0
BBX 4 7 1 0
BITMAP
F0
80
80
60
10
10
E0
ENDCHAR
STARTCHAR 0054
ENCODING 84
SWIDTH 500 0
DWIDTH 5 0
BBX 5 7 0 0
BITMAP
F8
20
20
20
20
20
20
ENDCHAR
STARTCHAR 0055
ENCODING 85
SWIDTH 700 0
DWIDTH 7 0
BBX 5 7 1 0
BITMAP
88
88
88
88
88
88
78
ENDCHAR
STARTCHAR 0056
ENCODING 86
SWIDTH 600 0
DWIDTH 6 0
BBX 6 7 0 0
BITMAP
84
48
48
48
30
30
30
ENDCHAR
STARTCHAR 0057
ENCODING 87
SWIDTH 900 0
DWIDTH 9 0
BBX 9 7 0 0
BITMAP
8880
9480
5500
5500
5500
6300
2200
ENDCHAR
STARTCHAR 0058
ENCODING 88
SWIDTH 500 0
DWIDTH 5 0
BBX 5 7 0 0
BITMAP
48
48
30
30
30
48
88
ENDCHAR
STARTCHAR 0059
ENCODING 89
SWIDTH 500 0
DWIDTH 5 0
BBX 5 7 0 0
BITMAP
88
48
50
30
20
20
20
ENDCHAR
STARTCHAR 005A
ENCODING 90
SWIDTH 500 0
DWIDTH 5 0
BBX 5 7 0 0
BITMAP
F8
08
10
20
20
40
F8
ENDCHAR
STARTCHAR 005B
ENCODING 91
SWIDTH 300 0
DWIDTH 3 0
BBX 2 10 1 -2
BITMAP
C0
80
80
80
80
80
80
80
80
C0
ENDCHAR
STARTCHAR 005C
ENCODING 92
SWIDTH 400 0
DWIDTH 4 0
BBX 4 9 0 -2
BITMAP
80
80
40
40
20
20
20
10
10
ENDCHAR
STARTCHAR 005D
ENCODING 93
SWIDTH 300 0
DWIDTH 3 0
BBX 2 10 0 -2
BITMAP
C0
40
40
40
40
40
40
40
40
C0
ENDCHAR
STARTCHAR 005E
ENCODING 94
SWIDTH 500 0
DWIDTH 5 0
BBX 4 4 1 3
BITMAP
40
A0
A0
90
ENDCHAR
STARTCHAR 005F
ENCODING 95
SWIDTH 400 0
DWIDTH 4 0
BBX 4 1 0 -1
BITMAP
F0
ENDCHAR
STARTCHAR 0060
ENCODING 96
SWIDTH 200 0
DWIDTH 2 0
BBX 2 2 0 6
BITMAP
C0
40
ENDCHAR
STARTCHAR 0061
ENCODING 97
SWIDTH 500 0
DWIDTH 5 0
BBX 5 5 0 0
BITMAP
78
08
78
88
78
ENDCHAR
STARTCHAR 0062
ENCODING 98
SWIDTH 600 0
DWIDTH 6 0
BBX 5 8 1 0
BITMAP
80
80
80
F0
88
88
90
F0
ENDCHAR
STARTCHAR 0063
ENCODING 99
SWIDTH 400 0
DWIDTH 4 0
BBX 3 5 1 0
BITMAP
E0
80
80
80
E0
ENDCHAR
STARTCHAR 0064
ENCODING 100
SWIDTH 600 0
DWIDTH 6 0
BBX 4 8 1 0
BITMAP
10
10
10
F0
90
90
90
F0
ENDCHAR
STARTCHAR 0065
ENCODING 101
SWIDTH 500 0
DWIDTH 5 0
BBX 4 5 1 0
BITMAP
F0
90
E0
80
F0
ENDCHAR
STARTCHAR 0066
ENCODING 102
SWIDTH 300 0
DWIDTH 3 0
BBX 3 8 1 0
BITMAP
60
80
80
C0
80
80
80
80
ENDCHAR
STARTCHAR 0067
ENCODING 103
SWIDTH 600 0
DWIDTH 6 0
BBX 4 7 1 -2
BITMAP
F0
90
90
90
F0
10
F0
ENDCHAR
STARTCHAR 0068
ENCODING 104
SWIDTH 600 0
DWIDTH 6 0
BBX 4 8 1 0
BITMAP
80
80
80
F0
90
90
90
90
ENDCHAR
STARTCHAR 0069
ENCODING 105
SWIDTH 200 0
DWIDTH 2 0
BBX 1 7 1 0
BITMAP
80
00
80
80
80
80
80
ENDCHAR
STARTCHAR 006A
ENCODING 106
SWIDTH 300 0
DWIDTH 3 0
BBX 1 7 1 0
BITMAP
80
80
80
80
80
80
80
ENDCHAR
STARTCHAR 006B
ENCODING 107
SWIDTH 500 0
DWIDTH 5 0
BBX 4 8 1 0
BITMAP
80
80
80
B0
C0
C0
A0
90
ENDCHAR
STARTCHAR 006C
ENCODING 108
SWIDTH 200 0
DWIDTH 2 0
BBX 1 8 1 0
BITMAP
80
80
80
80
80
80
80
80
ENDCHAR
STARTCHAR 006D
ENCODING 109
SWIDTH 900 0
DWIDTH 9 0
BBX 8 5 1 0
BITMAP
FE
91
91
91
91
ENDCHAR
STARTCHAR 006E
ENCODING 110
SWIDTH 600 0
DWIDTH 6 0
BBX 4 5 1 0
BITMAP
F0
90
90
90
90
ENDCHAR
STARTCHAR 006F
ENCODING 111
SWIDTH 600 0
DWIDTH 6 0
BBX 5 5 1 0
BITMAP
F0
90
88
90
F0
ENDCHAR
STARTCHAR 0070
ENCODING 112
SWIDTH 600 0
DWIDTH 6 0
BBX 5 7 1 -2
BITMAP
F0
88
88
90
F0
80
80
ENDCHAR
STARTCHAR 0071
ENCODING 113
SWIDTH 600 0
DWIDTH 6 0
BBX 4 7 1 -2
BITMAP
F0
90
90
90
F0
10
10
ENDCHAR
STARTCHAR 0072
ENCODING 114
SWIDTH 400 0
DWIDTH 4 0
BBX 2 5 1 0
BITMAP
C0
80
80
80
80
ENDCHAR
STARTCHAR 0073
ENCODING 115
SWIDTH 400 0
DWIDTH 4 0
BBX 3 5 1 0
BITMAP
E0
80
60
20
E0
ENDCHAR
STARTCHAR 0074
ENCODING 116
SWIDTH 300 0
DWIDTH 3 0
BBX 2 7 1 0
BITMAP
80
80
C0
80
80
80
C0
ENDCHAR
STARTCHAR 0075
ENCODING 117
SWIDTH 600 0
DWIDTH 6 0
BBX 4 5 1 0
BITMAP
90
90
90
90
F0
ENDCHAR
STARTCHAR 0076
ENCODING 118
SWIDTH 500 0
DWIDTH 5 0
BBX 5 5 0 0
BITMAP
88
50
50
50
20
ENDCHAR
STARTCHAR 0077
ENCODING 119
SWIDTH 700 0
DWIDTH 7 0
BBX 8 5 0 0
BITMAP
99
5A
6A
66
64
ENDCHAR
STARTCHAR 0078
ENCODING 120
SWIDTH 500 0
DWIDTH 5 0
BBX 4 5 1 0
BITMAP
B0
60
40
A0
90
ENDCHAR
STARTCHAR 0079
ENCODING 121
SWIDTH 500 0
DWIDTH 5 0
BBX 5 7 0 -2
BITMAP
88
50
50
50
20
20
40
ENDCHAR
STARTCHAR 007A
ENCODING 122
SWIDTH 400 0
DWIDTH 4 0
BBX 4 5 0 0
BITMAP
70
20
20
40
F0
ENDCHAR
STARTCHAR 007B
ENCODING 123
SWIDTH 300 0
DWIDTH 3 0
BBX 3 9 0 -2
BITMAP
20
40
40
40
C0
40
40
40
20
ENDCHAR
STARTCHAR 007C
ENCODING 124
SWIDTH 400 0
DWIDTH 4 0
BBX 1 10 2 -2
BITMAP
80
80
80
80
80
80
80
80
80
80
ENDCHAR
STARTCHAR 007D
ENCODING 125
SWIDTH 300 0
DWIDTH 3 0
BBX 3 10 0 -2
BITMAP
C0
40
40
40
20
20
40
40
40
80
ENDCHAR
STARTCHAR 007E
ENCODING 126
SWIDTH 500 0
DWIDTH 5 0
BBX 4 1 1 2
BITMAP
F0
ENDCHAR
STARTCHAR 00A0
ENCODING 160
SWIDTH 200 0
DWIDTH 2 0
BBX 0 0 0 0
BITMAP
ENDCHAR
STARTCHAR 00A2
ENCODING 162
SWIDTH 500 0
DWIDTH 5 0
BBX 4 7 1 0
BITMAP
20
D0
80
80
80
70
20
ENDCHAR
STARTCHAR 00A3
ENCODING 163
SWIDTH 500 0
DWIDTH 5 0
BBX 5 7 0 0
BITMAP
38
40
40
F0
40
40
F8
ENDCHAR
STARTCHAR 00A5
ENCODING 165
SWIDTH 500 0
DWIDTH 5 0
BBX 5 7 0 0
BITMAP
88
48
50
30
60
78
20
ENDCHAR
STARTCHAR 00A7
ENCODING 167
SWIDTH 500 0
DWIDTH 5 0
BBX 3 8 1 0
BITMAP
60
80
C0
A0
A0
60
20
E0
ENDCHAR
STARTCHAR 00A9
ENCODING 169
SWIDTH 800 0
DWIDTH 8 0
BBX 8 7 0 0
BITMAP
3C
5E
A1
A1
A1
5A
3C
ENDCHAR
STARTCHAR 00AC
ENCODING 172
SWIDTH 500 0
DWIDTH 5 0
BBX 4 2 1 1
BITMAP
F0
10
ENDCHAR
STARTCHAR 00AE
ENCODING 174
SWIDTH 800 0
DWIDTH 8 0
BBX 8 7 0 0
BITMAP
3C
5A
95
99
99
56
3C
ENDCHAR
STARTCHAR 00B0
ENCODING 176
SWIDTH 400 0
DWIDTH 4 0
BBX 3 3 1 4
BITMAP
E0
A0
C0
ENDCHAR
STARTCHAR 00B1
ENCODING 177
SWIDTH 500 0
DWIDTH 5 0
BBX 4 5 1 0
BITMAP
40
40
F0
40
F0
ENDCHAR
STARTCHAR 00B6
ENCODING 182
SWIDTH 600 0
DWIDTH 6 0
BBX 4 9 1 -1
BITMAP
70
F0
F0
F0
F0
30
30
30
30
ENDCHAR
STARTCHAR 00B7
ENCODING 183
SWIDTH 200 0
DWIDTH 2 0
BBX 1 1 1 3
BITMAP
80
ENDCHAR
STARTCHAR 00B8
ENCODING 184
SWIDTH 200 0
DWIDTH 2 0
BBX 2 2 0 -2
BITMAP
80
40
ENDCHAR
STARTCHAR 00C5
ENCODING 197
SWIDTH 600 0
DWIDTH 6 0
BBX 6 9 0 0
BITMAP
30
30
10
30
28
48
78
84
84
ENDCHAR
STARTCHAR 00C7
ENCODING 199
SWIDTH 600 0
DWIDTH 6 0
BBX 5 9 1 -2
BITMAP
78
80
80
80
80
80
78
20
30
ENDCHAR
STARTCHAR 00D0
ENCODING 208
SWIDTH 700 0
DWIDTH 7 0
BBX 7 7 0 0
BITMAP
78
44
42
F2
42
44
78
ENDCHAR
STARTCHAR 00D7
ENCODING 215
SWIDTH 500 0
DWIDTH 5 0
BBX 4 4 1 1
BITMAP
90
60
60
90
ENDCHAR
STARTCHAR 00DE
ENCODING 222
SWIDTH 600 0
DWIDTH 6 0
BBX 5 7 1 0
BITMAP
80
F0
90
88
90
E0
80
ENDCHAR
STARTCHAR 00E7
ENCODING 231
SWIDTH 400 0
DWIDTH 4 0
BBX 3 7 1 -2
BITMAP
E0
80
80
80
E0
40
60
ENDCHAR
STARTCHAR 00F0
ENCODING 240
SWIDTH 600 0
DWIDTH 6 0
BBX 5 8 1 0
BITMAP
10
60
50
70
90
88
90
F0
ENDCHAR
STARTCHAR 00F7
ENCODING 247
SWIDTH 500 0
DWIDTH 5 0
BBX 5 4 0 0
BITMAP
20
00
F8
20
ENDCHAR
STARTCHAR 00FE
ENCODING 254
SWIDTH 600 0
DWIDTH 6 0
BBX 5 10 1 -2
BITMAP
80
80
80
F0
88
88
90
F0
80
80
ENDCHAR
STARTCHAR 0131
ENCODING 305
SWIDTH 200 0
DWIDTH 2 0
BBX 1 5 1 0
BITMAP
80
80
80
80
80
ENDCHAR
STARTCHAR 0190
ENCODING 400
SWIDTH 500 0
DWIDTH 5 0
BBX 5 7 1 0
BITMAP
F0
80
80
70
80
80
F8
ENDCHAR
STARTCHAR 01B5
ENCODING 437
SWIDTH 500 0
DWIDTH 5 0
BBX 5 7 0 0
BITMAP
F8
08
10
78
20
40
F8
ENDCHAR
STARTCHAR 0237
ENCODING 567
SWIDTH 300 0
DWIDTH 3 0
BBX 1 7 1 -2
BITMAP
80
80
80
80
80
80
80
ENDCHAR
STARTCHAR 02C6
ENCODING 710
SWIDTH 400 0
DWIDTH 4 0
BBX 2 2 1 6
BITMAP
40
80
ENDCHAR
STARTCHAR 02D4
ENCODING 724
SWIDTH 200 0
DWIDTH 2 0
BBX 2 2 0 2
BITMAP
40
C0
ENDCHAR
STARTCHAR 02D5
ENCODING 725
SWIDTH 200 0
DWIDTH 2 0
BBX 2 2 0 2
BITMAP
C0
40
ENDCHAR
STARTCHAR 02DA
ENCODING 730
SWIDTH 300 0
DWIDTH 3 0
BBX 3 2 0 6
BITMAP
E0
40
ENDCHAR
STARTCHAR 0300
ENCODING 768
SWIDTH 0 0
DWIDTH 0 0
BBX 2 2 0 6
BITMAP
80
40
ENDCHAR
STARTCHAR 0301
ENCODING 769
SWIDTH 0 0
DWIDTH 0 0
BBX 1 1 1 6
BITMAP
80
ENDCHAR
STARTCHAR 0302
ENCODING 770
SWIDTH 0 0
DWIDTH 0 0
BBX 3 2 0 6
BITMAP
40
A0
ENDCHAR
STARTCHAR 0303
ENCODING 771
SWIDTH 0 0
DWIDTH 0 0
BBX 3 1 0 6
BITMAP
E0
ENDCHAR
STARTCHAR 0304
ENCODING 772
SWIDTH 0 0
DWIDTH 0 0
BBX 3 1 0 6
BITMAP
E0
ENDCHAR
STARTCHAR 0305
ENCODING 773
SWIDTH 0 0
DWIDTH 0 0
BBX 4 1 0 6
BITMAP
F0
ENDCHAR
STARTCHAR 0306
ENCODING 774
SWIDTH 0 0
DWIDTH 0 0
BBX 2 1 1 6
BITMAP
C0
ENDCHAR
STARTCHAR 0307
ENCODING 775
SWIDTH 0 0
DWIDTH 0 0
BBX 1 1 0 6
BITMAP
80
ENDCHAR
STARTCHAR 0308
ENCODING 776
SWIDTH 0 0
DWIDTH 0 0
BBX 3 1 0 6
BITMAP
A0
ENDCHAR
STARTCHAR 0309
ENCODING 777
SWIDTH 0 0
DWIDTH 0 0
BBX 1 2 1 6
BITMAP
80
80
ENDCHAR
STARTCHAR 030A
ENCODING 778
SWIDTH 0 0
DWIDTH 0 0
BBX 3 2 0 6
BITMAP
E0
40
ENDCHAR
STARTCHAR 030B
ENCODING 779
SWIDTH 0 0
DWIDTH 0 0
BBX 3 2 1 6
BITMAP
A0
40
ENDCHAR
STARTCHAR 030C
ENCODING 780
SWIDTH 0 0
DWIDTH 0 0
BBX 3 2 0 6
BITMAP
80
60
ENDCHAR
STARTCHAR 0310
ENCODING 784
SWIDTH 0 0
DWIDTH 0 0
BBX 2 1 -1 7
BITMAP
C0
ENDCHAR
STARTCHAR 0311
ENCODING 785
SWIDTH 0 0
DWIDTH 0 0
BBX 3 1 0 6
BITMAP
E0
ENDCHAR
STARTCHAR 0312
ENCODING 786
SWIDTH 0 0
DWIDTH 0 0
BBX 2 2 -1 6
BITMAP
40
80
ENDCHAR
STARTCHAR 0315
ENCODING 789
SWIDTH 0 0
DWIDTH 0 0
BBX 2 2 -1 6
BITMAP
40
80
ENDCHAR
STARTCHAR 031A
ENCODING 794
SWIDTH 300 0
DWIDTH 3 0
BBX 3 3 0 5
BITMAP
E0
20
20
ENDCHAR
STARTCHAR 0323
ENCODING 803
SWIDTH 0 0
DWIDTH 0 0
BBX 1 1 0 -2
BITMAP
80
ENDCHAR
STARTCHAR 0326
ENCODING 806
SWIDTH 0 0
DWIDTH 0 0
BBX 1 1 0 -2
BITMAP
80
ENDCHAR
STARTCHAR 0327
ENCODING 807
SWIDTH 0 0
DWIDTH 0 0
BBX 2 2 0 -2
BITMAP
80
40
ENDCHAR
STARTCHAR 032C
ENCODING 812
SWIDTH 0 0
DWIDTH 0 0
BBX 4 2 0 -2
BITMAP
90
60
ENDCHAR
STARTCHAR 032D
ENCODING 813
SWIDTH 0 0
DWIDTH 0 0
BBX 2 2 1 -2
BITMAP
80
C0
ENDCHAR
STARTCHAR 032E
ENCODING 814
SWIDTH 0 0
DWIDTH 0 0
BBX 2 1 1 -2
BITMAP
C0
ENDCHAR
STARTCHAR 032F
ENCODING 815
SWIDTH 0 0
DWIDTH 0 0
BBX 3 1 0 -2
BITMAP
E0
ENDCHAR
STARTCHAR 0330
ENCODING 816
SWIDTH 0 0
DWIDTH 0 0
BBX 3 1 0 -2
BITMAP
E0
ENDCHAR
STARTCHAR 0331
ENCODING 817
SWIDTH 0 0
DWIDTH 0 0
BBX 3 1 0 -2
BITMAP
E0
ENDCHAR
STARTCHAR 0332
ENCODING 818
SWIDTH 0 0
DWIDTH 0 0
BBX 4 1 0 -1
BITMAP
F0
ENDCHAR
STARTCHAR 0333
ENCODING 819
SWIDTH 0 0
DWIDTH 0 0
BBX 4 2 0 -3
BITMAP
F0
F0
ENDCHAR
STARTCHAR 0338
ENCODING 824
SWIDTH 0 0
DWIDTH 0 0
BBX 4 9 0 -2
BITMAP
10
10
20
20
40
40
40
80
80
ENDCHAR
STARTCHAR 033A
ENCODING 826
SWIDTH 0 0
DWIDTH 0 0
BBX 4 2 0 -2
BITMAP
90
F0
ENDCHAR
STARTCHAR 033F
ENCODING 831
SWIDTH 0 0
DWIDTH 0 0
BBX 4 2 0 6
BITMAP
F0
F0
ENDCHAR
STARTCHAR 0346
ENCODING 838
SWIDTH 0 0
DWIDTH 0 0
BBX 5 2 0 6
BITMAP
F8
88
ENDCHAR
STARTCHAR 034D
ENCODING 845
SWIDTH 0 0
DWIDTH 0 0
BBX 6 2 0 -2
BITMAP
48
FC
ENDCHAR
STARTCHAR 0391
ENCODING 913
SWIDTH 600 0
DWIDTH 6 0
BBX 6 7 0 0
BITMAP
10
30
28
48
78
84
84
ENDCHAR
STARTCHAR 0392
ENCODING 914
SWIDTH 600 0
DWIDTH 6 0
BBX 5 7 1 0
BITMAP
F0
88
90
F0
88
88
F0
ENDCHAR
STARTCHAR 0393
ENCODING 915
SWIDTH 500 0
DWIDTH 5 0
BBX 4 7 1 0
BITMAP
F0
80
80
80
80
80
80
ENDCHAR
STARTCHAR 0394
ENCODING 916
SWIDTH 500 0
DWIDTH 5 0
BBX 6 7 0 0
BITMAP
30
30
50
48
48
88
FC
ENDCHAR
STARTCHAR 0395
ENCODING 917
SWIDTH 500 0
DWIDTH 5 0
BBX 4 7 1 0
BITMAP
F0
80
80
F0
80
80
F0
ENDCHAR
STARTCHAR 0396
ENCODING 918
SWIDTH 500 0
DWIDTH 5 0
BBX 5 7 0 0
BITMAP
F8
08
10
20
20
40
F8
ENDCHAR
STARTCHAR 0397
ENCODING 919
SWIDTH 700 0
DWIDTH 7 0
BBX 5 7 1 0
BITMAP
88
88
88
F8
88
88
88
ENDCHAR
STARTCHAR 0398
ENCODING 920
SWIDTH 700 0
DWIDTH 7 0
BBX 6 7 1 0
BITMAP
78
84
84
F4
84
84
78
ENDCHAR
STARTCHAR 0399
ENCODING 921
SWIDTH 300 0
DWIDTH 3 0
BBX 3 7 0 0
BITMAP
40
40
40
40
40
40
E0
ENDCHAR
STARTCHAR 039A
ENCODING 922
SWIDTH 600 0
DWIDTH 6 0
BBX 5 7 1 0
BITMAP
98
90
A0
E0
A0
90
88
ENDCHAR
STARTCHAR 039B
ENCODING 923
SWIDTH 600 0
DWIDTH 6 0
BBX 6 7 0 0
BITMAP
30
30
30
48
48
84
84
ENDCHAR
STARTCHAR 039C
ENCODING 924
SWIDTH 900 0
DWIDTH 9 0
BBX 7 7 1 0
BITMAP
C2
C6
C6
AA
AA
B2
92
ENDCHAR
STARTCHAR 039D
ENCODING 925
SWIDTH 700 0
DWIDTH 7 0
BBX 6 7 1 0
BITMAP
84
C4
A4
A4
94
8C
8C
ENDCHAR
STARTCHAR 039E
ENCODING 926
SWIDTH 500 0
DWIDTH 5 0
BBX 5 7 0 0
BITMAP
78
00
00
78
00
00
F8
ENDCHAR
STARTCHAR 039F
ENCODING 927
SWIDTH 700 0
DWIDTH 7 0
BBX 6 7 1 0
BITMAP
78
84
84
84
84
84
78
ENDCHAR
STARTCHAR 03A0
ENCODING 928
SWIDTH 700 0
DWIDTH 7 0
BBX 5 7 1 0
BITMAP
F8
88
88
88
88
88
88
ENDCHAR
STARTCHAR 03A1
ENCODING 929
SWIDTH 600 0
DWIDTH 6 0
BBX 5 7 1 0
BITMAP
F0
88
90
F0
80
80
80
ENDCHAR
STARTCHAR 03A3
ENCODING 931
SWIDTH 500 0
DWIDTH 5 0
BBX 5 7 0 0
BITMAP
F8
40
20
10
20
40
F8
ENDCHAR
STARTCHAR 03A4
ENCODING 932
SWIDTH 500 0
DWIDTH 5 0
BBX 5 7 0 0
BITMAP
F8
20
20
20
20
20
20
ENDCHAR
STARTCHAR 03A5
ENCODING 933
SWIDTH 500 0
DWIDTH 5 0
BBX 5 7 0 0
BITMAP
88
48
50
30
20
20
20
ENDCHAR
STARTCHAR 03A6
ENCODING 934
SWIDTH 800 0
DWIDTH 8 0
BBX 7 7 1 0
BITMAP
20
FC
A4
A2
A4
78
20
ENDCHAR
STARTCHAR 03A7
ENCODING 935
SWIDTH 500 0
DWIDTH 5 0
BBX 5 7 0 0
BITMAP
48
48
30
30
30
48
88
ENDCHAR
STARTCHAR 03A8
ENCODING 936
SWIDTH 800 0
DWIDTH 8 0
BBX 7 7 1 0
BITMAP
A2
A2
A2
A4
78
20
20
ENDCHAR
STARTCHAR 03A9
ENCODING 937
SWIDTH 700 0
DWIDTH 7 0
BBX 7 7 0 0
BITMAP
3C
42
42
42
42
44
E6
ENDCHAR
STARTCHAR 03B1
ENCODING 945
SWIDTH 600 0
DWIDTH 6 0
BBX 5 5 1 0
BITMAP
F0
90
90
90
E8
ENDCHAR
STARTCHAR 03B2
ENCODING 946
SWIDTH 600 0
DWIDTH 6 0
BBX 5 10 1 -2
BITMAP
60
90
88
90
B0
88
88
F0
80
80
ENDCHAR
STARTCHAR 03B3
ENCODING 947
SWIDTH 500 0
DWIDTH 5 0
BBX 5 7 0 -2
BITMAP
88
50
50
50
20
20
20
ENDCHAR
STARTCHAR 03B4
ENCODING 948
SWIDTH 600 0
DWIDTH 6 0
BBX 4 8 1 0
BITMAP
60
90
40
60
90
90
90
F0
ENDCHAR
STARTCHAR 03B5
ENCODING 949
SWIDTH 400 0
DWIDTH 4 0
BBX 4 5 0 0
BITMAP
70
40
70
80
70
ENDCHAR
STARTCHAR 03B6
ENCODING 950
SWIDTH 400 0
DWIDTH 4 0
BBX 4 10 1 -2
BITMAP
F0
20
40
80
80
80
80
E0
10
20
ENDCHAR
STARTCHAR 03B7
ENCODING 951
SWIDTH 600 0
DWIDTH 6 0
BBX 4 7 1 -2
BITMAP
F0
90
90
90
90
10
10
ENDCHAR
STARTCHAR 03B8
ENCODING 952
SWIDTH 500 0
DWIDTH 5 0
BBX 4 8 1 0
BITMAP
60
90
90
90
F0
90
90
F0
ENDCHAR
STARTCHAR 03B9
ENCODING 953
SWIDTH 300 0
DWIDTH 3 0
BBX 2 5 1 0
BITMAP
80
80
80
80
C0
ENDCHAR
STARTCHAR 03BA
ENCODING 954
SWIDTH 500 0
DWIDTH 5 0
BBX 4 5 1 0
BITMAP
B0
C0
C0
A0
90
ENDCHAR
STARTCHAR 03BB
ENCODING 955
SWIDTH 500 0
DWIDTH 5 0
BBX 5 8 0 0
BITMAP
40
20
20
20
50
50
48
88
ENDCHAR
STARTCHAR 03BC
ENCODING 956
SWIDTH 600 0
DWIDTH 6 0
BBX 4 7 1 -2
BITMAP
90
90
90
90
F0
80
80
ENDCHAR
STARTCHAR 03BD
ENCODING 957
SWIDTH 500 0
DWIDTH 5 0
BBX 5 5 0 0
BITMAP
88
48
48
50
20
ENDCHAR
STARTCHAR 03BE
ENCODING 958
SWIDTH 400 0
DWIDTH 4 0
BBX 4 10 1 -2
BITMAP
E0
80
80
80
E0
80
80
E0
10
20
ENDCHAR
STARTCHAR 03BF
ENCODING 959
SWIDTH 600 0
DWIDTH 6 0
BBX 5 5 1 0
BITMAP
F0
90
88
90
F0
ENDCHAR
STARTCHAR 03C0
ENCODING 960
SWIDTH 600 0
DWIDTH 6 0
BBX 5 5 1 0
BITMAP
F8
90
90
90
98
ENDCHAR
STARTCHAR 03C1
ENCODING 961
SWIDTH 600 0
DWIDTH 6 0
BBX 4 7 1 -2
BITMAP
F0
90
90
90
F0
80
80
ENDCHAR
STARTCHAR 03C2
ENCODING 962
SWIDTH 400 0
DWIDTH 4 0
BBX 4 7 1 -2
BITMAP
E0
80
80
80
E0
10
20
ENDCHAR
STARTCHAR 03C3
ENCODING 963
SWIDTH 600 0
DWIDTH 6 0
BBX 4 5 1 0
BITMAP
F0
90
90
90
F0
ENDCHAR
STARTCHAR 03C4
ENCODING 964
SWIDTH 400 0
DWIDTH 4 0
BBX 3 5 1 0
BITMAP
E0
80
80
80
60
ENDCHAR
STARTCHAR 03C5
ENCODING 965
SWIDTH 600 0
DWIDTH 6 0
BBX 5 5 1 0
BITMAP
90
88
88
90
F0
ENDCHAR
STARTCHAR 03C6
ENCODING 966
SWIDTH 700 0
DWIDTH 7 0
BBX 6 7 1 -2
BITMAP
B8
A4
A4
A8
F8
20
20
ENDCHAR
STARTCHAR 03C7
ENCODING 967
SWIDTH 500 0
DWIDTH 5 0
BBX 4 7 1 -2
BITMAP
90
50
60
40
60
A0
90
ENDCHAR
STARTCHAR 03C8
ENCODING 968
SWIDTH 700 0
DWIDTH 7 0
BBX 6 10 1 -2
BITMAP
20
20
20
A4
A4
A4
A4
78
20
20
ENDCHAR
STARTCHAR 03C9
ENCODING 969
SWIDTH 700 0
DWIDTH 7 0
BBX 6 5 1 0
BITMAP
84
84
A4
A4
FC
ENDCHAR
STARTCHAR 03D1
ENCODING 977
SWIDTH 600 0
DWIDTH 6 0
BBX 6 8 0 0
BITMAP
30
48
48
3C
C8
48
48
70
ENDCHAR
STARTCHAR 03D5
ENCODING 981
SWIDTH 700 0
DWIDTH 7 0
BBX 6 10 1 -2
BITMAP
20
20
20
F8
A4
A4
A8
78
20
20
ENDCHAR
STARTCHAR 03D6
ENCODING 982
SWIDTH 800 0
DWIDTH 8 0
BBX 7 5 1 0
BITMAP
FE
84
92
92
FC
ENDCHAR
STARTCHAR 03DC
ENCODING 988
SWIDTH 500 0
DWIDTH 5 0
BBX 4 7 1 0
BITMAP
F0
80
80
F0
90
80
80
ENDCHAR
STARTCHAR 03DD
ENCODING 989
SWIDTH 400 0
DWIDTH 4 0
BBX 3 7 1 -2
BITMAP
E0
80
E0
A0
A0
80
80
ENDCHAR
STARTCHAR 03F0
ENCODING 1008
SWIDTH 600 0
DWIDTH 6 0
BBX 6 5 0 0
BITMAP
CC
48
58
68
44
ENDCHAR
STARTCHAR 03F1
ENCODING 1009
SWIDTH 600 0
DWIDTH 6 0
BBX 4 7 1 -2
BITMAP
F0
90
90
90
F0
80
E0
ENDCHAR
STARTCHAR 03F4
ENCODING 1012
SWIDTH 700 0
DWIDTH 7 0
BBX 6 7 1 0
BITMAP
78
84
84
FC
84
84
78
ENDCHAR
STARTCHAR 03F5
ENCODING 1013
SWIDTH 400 0
DWIDTH 4 0
BBX 4 5 1 0
BITMAP
E0
80
E0
80
F0
ENDCHAR
STARTCHAR 03F6
ENCODING 1014
SWIDTH 400 0
DWIDTH 4 0
BBX 4 5 0 0
BITMAP
70
10
70
10
F0
ENDCHAR
STARTCHAR 0410
ENCODING 1040
SWIDTH 600 0
DWIDTH 6 0
BBX 6 7 0 0
BITMAP
10
30
28
48
78
84
84
ENDCHAR
STARTCHAR 0411
ENCODING 1041
SWIDTH 600 0
DWIDTH 6 0
BBX 5 7 1 0
BITMAP
F0
80
80
F0
88
88
F0
ENDCHAR
STARTCHAR 0412
ENCODING 1042
SWIDTH 600 0
DWIDTH 6 0
BBX 5 7 1 0
BITMAP
F0
88
90
F0
88
88
F0
ENDCHAR
STARTCHAR 0413
ENCODING 1043
SWIDTH 500 0
DWIDTH 5 0
BBX 4 7 1 0
BITMAP
F0
80
80
80
80
80
80
ENDCHAR
STARTCHAR 0414
ENCODING 1044
SWIDTH 700 0
DWIDTH 7 0
BBX 7 9 0 -2
BITMAP
3C
24
24
24
44
44
FE
82
82
ENDCHAR
STARTCHAR 0415
ENCODING 1045
SWIDTH 500 0
DWIDTH 5 0
BBX 4 7 1 0
BITMAP
F0
80
80
F0
80
80
F0
ENDCHAR
STARTCHAR 0416
ENCODING 1046
SWIDTH 900 0
DWIDTH 9 0
BBX 9 7 0 0
BITMAP
4900
4900
2A00
3E00
2A00
4900
8880
ENDCHAR
STARTCHAR 0417
ENCODING 1047
SWIDTH 500 0
DWIDTH 5 0
BBX 5 7 0 0
BITMAP
78
08
08
70
08
08
F8
ENDCHAR
STARTCHAR 0418
ENCODING 1048
SWIDTH 700 0
DWIDTH 7 0
BBX 6 7 1 0
BITMAP
8C
94
94
A4
A4
C4
84
ENDCHAR
STARTCHAR 0419
ENCODING 1049
SWIDTH 700 0
DWIDTH 7 0
BBX 6 9 1 0
BITMAP
50
20
8C
94
94
A4
A4
C4
84
ENDCHAR
STARTCHAR 041A
ENCODING 1050
SWIDTH 600 0
DWIDTH 6 0
BBX 5 7 1 0
BITMAP
88
90
A0
E0
B0
90
88
ENDCHAR
STARTCHAR 041B
ENCODING 1051
SWIDTH 600 0
DWIDTH 6 0
BBX 6 7 0 0
BITMAP
3C
24
44
44
44
44
C4
ENDCHAR
STARTCHAR 041C
ENCODING 1052
SWIDTH 900 0
DWIDTH 9 0
BBX 7 7 1 0
BITMAP
C2
C6
C6
AA
AA
B2
92
ENDCHAR
STARTCHAR 041D
ENCODING 1053
SWIDTH 700 0
DWIDTH 7 0
BBX 5 7 1 0
BITMAP
88
88
88
F8
88
88
88
ENDCHAR
STARTCHAR 041E
ENCODING 1054
SWIDTH 700 0
DWIDTH 7 0
BBX 6 7 1 0
BITMAP
78
84
84
84
84
84
78
ENDCHAR
STARTCHAR 041F
ENCODING 1055
SWIDTH 700 0
DWIDTH 7 0
BBX 5 7 1 0
BITMAP
F8
88
88
88
88
88
88
ENDCHAR
STARTCHAR 0420
ENCODING 1056
SWIDTH 600 0
DWIDTH 6 0
BBX 5 7 1 0
BITMAP
F0
88
90
F0
80
80
80
ENDCHAR
STARTCHAR 0421
ENCODING 1057
SWIDTH 600 0
DWIDTH 6 0
BBX 5 7 1 0
BITMAP
78
80
80
80
80
80
78
ENDCHAR
STARTCHAR 0422
ENCODING 1058
SWIDTH 500 0
DWIDTH 5 0
BBX 5 7 0 0
BITMAP
F8
20
20
20
20
20
20
ENDCHAR
STARTCHAR 0423
ENCODING 1059
SWIDTH 600 0
DWIDTH 6 0
BBX 6 7 0 0
BITMAP
84
48
48
28
30
10
60
ENDCHAR
STARTCHAR 0424
ENCODING 1060
SWIDTH 800 0
DWIDTH 8 0
BBX 7 7 1 0
BITMAP
10
FC
92
92
94
FC
10
ENDCHAR
STARTCHAR 0425
ENCODING 1061
SWIDTH 500 0
DWIDTH 5 0
BBX 6 7 0 0
BITMAP
48
48
30
30
30
48
84
ENDCHAR
STARTCHAR 0426
ENCODING 1062
SWIDTH 700 0
DWIDTH 7 0
BBX 6 9 1 -2
BITMAP
88
88
88
88
88
88
FC
04
04
ENDCHAR
STARTCHAR 0427
ENCODING 1063
SWIDTH 600 0
DWIDTH 6 0
BBX 5 7 1 0
BITMAP
88
88
88
D8
28
08
08
ENDCHAR
STARTCHAR 0428
ENCODING 1064
SWIDTH 1000 0
DWIDTH 10 0
BBX 8 7 1 0
BITMAP
89
89
89
89
89
89
FF
ENDCHAR
STARTCHAR 0429
ENCODING 1065
SWIDTH 1000 0
DWIDTH 10 0
BBX 9 9 1 -2
BITMAP
8900
8900
8900
8900
8900
8900
FF80
0080
0080
ENDCHAR
STARTCHAR 042A
ENCODING 1066
SWIDTH 600 0
DWIDTH 6 0
BBX 6 7 0 0
BITMAP
E0
20
20
3C
24
24
3C
ENDCHAR
STARTCHAR 042B
ENCODING 1067
SWIDTH 800 0
DWIDTH 8 0
BBX 7 7 1 0
BITMAP
82
82
82
F2
8A
92
F2
ENDCHAR
STARTCHAR 042C
ENCODING 1068
SWIDTH 600 0
DWIDTH 6 0
BBX 5 7 1 0
BITMAP
80
80
80
F0
88
90
F0
ENDCHAR
STARTCHAR 042D
ENCODING 1069
SWIDTH 600 0
DWIDTH 6 0
BBX 5 7 1 0
BITMAP
F0
18
08
F8
08
10
F0
ENDCHAR
STARTCHAR 042E
ENCODING 1070
SWIDTH 900 0
DWIDTH 9 0
BBX 8 7 1 0
BITMAP
9E
A1
A1
E1
A1
91
9E
ENDCHAR
STARTCHAR 042F
ENCODING 1071
SWIDTH 600 0
DWIDTH 6 0
BBX 4 7 1 0
BITMAP
F0
90
90
F0
50
90
90
ENDCHAR
STARTCHAR 0430
ENCODING 1072
SWIDTH 500 0
DWIDTH 5 0
BBX 5 5 0 0
BITMAP
78
08
78
88
78
ENDCHAR
STARTCHAR 0431
ENCODING 1073
SWIDTH 500 0
DWIDTH 5 0
BBX 4 8 1 0
BITMAP
10
E0
80
F0
90
90
90
F0
ENDCHAR
STARTCHAR 0432
ENCODING 1074
SWIDTH 500 0
DWIDTH 5 0
BBX 4 5 1 0
BITMAP
F0
90
F0
90
F0
ENDCHAR
STARTCHAR 0433
ENCODING 1075
SWIDTH 400 0
DWIDTH 4 0
BBX 3 5 1 0
BITMAP
E0
80
80
80
80
ENDCHAR
STARTCHAR 0434
ENCODING 1076
SWIDTH 600 0
DWIDTH 6 0
BBX 6 6 0 -1
BITMAP
78
48
48
48
FC
84
ENDCHAR
STARTCHAR 0435
ENCODING 1077
SWIDTH 500 0
DWIDTH 5 0
BBX 5 5 0 0
BITMAP
78
88
F8
40
78
ENDCHAR
STARTCHAR 0436
ENCODING 1078
SWIDTH 700 0
DWIDTH 7 0
BBX 7 5 0 0
BITMAP
52
54
3C
52
92
ENDCHAR
STARTCHAR 0437
ENCODING 1079
SWIDTH 400 0
DWIDTH 4 0
BBX 4 5 0 0
BITMAP
70
10
70
10
F0
ENDCHAR
STARTCHAR 0438
ENCODING 1080
SWIDTH 600 0
DWIDTH 6 0
BBX 4 5 1 0
BITMAP
90
B0
D0
D0
90
ENDCHAR
STARTCHAR 0439
ENCODING 1081
SWIDTH 600 0
DWIDTH 6 0
BBX 4 7 1 0
BITMAP
60
00
90
B0
D0
D0
90
ENDCHAR
STARTCHAR 043A
ENCODING 1082
SWIDTH 500 0
DWIDTH 5 0
BBX 4 5 1 0
BITMAP
B0
A0
E0
A0
90
ENDCHAR
STARTCHAR 043B
ENCODING 1083
SWIDTH 500 0
DWIDTH 5 0
BBX 5 5 0 0
BITMAP
78
48
48
48
C8
ENDCHAR
STARTCHAR 043C
ENCODING 1084
SWIDTH 700 0
DWIDTH 7 0
BBX 6 5 1 0
BITMAP
8C
CC
D4
B4
A4
ENDCHAR
STARTCHAR 043D
ENCODING 1085
SWIDTH 600 0
DWIDTH 6 0
BBX 4 5 1 0
BITMAP
90
90
F0
90
90
ENDCHAR
STARTCHAR 043E
ENCODING 1086
SWIDTH 500 0
DWIDTH 5 0
BBX 5 5 0 0
BITMAP
78
88
88
48
78
ENDCHAR
STARTCHAR 043F
ENCODING 1087
SWIDTH 600 0
DWIDTH 6 0
BBX 4 5 1 0
BITMAP
F0
90
90
90
90
ENDCHAR
STARTCHAR 0440
ENCODING 1088
SWIDTH 600 0
DWIDTH 6 0
BBX 5 7 1 -2
BITMAP
F0
88
88
90
F0
80
80
ENDCHAR
STARTCHAR 0441
ENCODING 1089
SWIDTH 400 0
DWIDTH 4 0
BBX 4 5 0 0
BITMAP
70
80
80
40
70
ENDCHAR
STARTCHAR 0442
ENCODING 1090
SWIDTH 400 0
DWIDTH 4 0
BBX 3 5 1 0
BITMAP
E0
40
40
40
40
ENDCHAR
STARTCHAR 0443
ENCODING 1091
SWIDTH 500 0
DWIDTH 5 0
BBX 5 7 0 -2
BITMAP
88
50
50
50
20
20
40
ENDCHAR
STARTCHAR 0444
ENCODING 1092
SWIDTH 700 0
DWIDTH 7 0
BBX 7 10 0 -2
BITMAP
10
10
10
7C
52
92
52
7C
10
10
ENDCHAR
STARTCHAR 0445
ENCODING 1093
SWIDTH 500 0
DWIDTH 5 0
BBX 5 5 0 0
BITMAP
50
50
20
50
88
ENDCHAR
STARTCHAR 0446
ENCODING 1094
SWIDTH 600 0
DWIDTH 6 0
BBX 5 6 1 -1
BITMAP
90
90
90
90
F8
08
ENDCHAR
STARTCHAR 0447
ENCODING 1095
SWIDTH 500 0
DWIDTH 5 0
BBX 4 5 1 0
BITMAP
90
90
F0
10
10
ENDCHAR
STARTCHAR 0448
ENCODING 1096
SWIDTH 800 0
DWIDTH 8 0
BBX 7 5 1 0
BITMAP
92
92
92
92
FE
ENDCHAR
STARTCHAR 0449
ENCODING 1097
SWIDTH 800 0
DWIDTH 8 0
BBX 8 6 1 -1
BITMAP
92
92
92
92
FF
01
ENDCHAR
STARTCHAR 044A
ENCODING 1098
SWIDTH 600 0
DWIDTH 6 0
BBX 5 5 1 0
BITMAP
C0
40
78
48
70
ENDCHAR
STARTCHAR 044B
ENCODING 1099
SWIDTH 700 0
DWIDTH 7 0
BBX 6 5 1 0
BITMAP
84
84
F4
94
E4
ENDCHAR
STARTCHAR 044C
ENCODING 1100
SWIDTH 500 0
DWIDTH 5 0
BBX 4 5 1 0
BITMAP
80
80
F0
90
E0
ENDCHAR
STARTCHAR 044D
ENCODING 1101
SWIDTH 400 0
DWIDTH 4 0
BBX 4 5 0 0
BITMAP
70
10
70
10
F0
ENDCHAR
STARTCHAR 044E
ENCODING 1102
SWIDTH 700 0
DWIDTH 7 0
BBX 7 5 1 0
BITMAP
BC
A4
E2
A4
9C
ENDCHAR
STARTCHAR 044F
ENCODING 1103
SWIDTH 500 0
DWIDTH 5 0
BBX 4 5 1 0
BITMAP
F0
90
F0
90
90
ENDCHAR
STARTCHAR 0606
ENCODING 1542
SWIDTH 600 0
DWIDTH 6 0
BBX 6 10 0 1
BITMAP
80
AC
9C
50
40
24
28
28
18
10
ENDCHAR
STARTCHAR 0607
ENCODING 1543
SWIDTH 600 0
DWIDTH 6 0
BBX 6 10 0 1
BITMAP
80
88
88
50
48
24
28
28
18
10
ENDCHAR
STARTCHAR 0608
ENCODING 1544
SWIDTH 1100 0
DWIDTH 11 0
BBX 11 7 0 -3
BITMAP
0020
0320
0520
C7E0
4100
2300
1C00
ENDCHAR
STARTCHAR 0609
ENCODING 1545
SWIDTH 600 0
DWIDTH 6 0
BBX 6 7 0 0
BITMAP
50
50
20
20
40
40
94
ENDCHAR
STARTCHAR 060A
ENCODING 1546
SWIDTH 800 0
DWIDTH 8 0
BBX 8 7 0 0
BITMAP
50
50
20
20
40
40
95
ENDCHAR
STARTCHAR 060C
ENCODING 1548
SWIDTH 300 0
DWIDTH 3 0
BBX 1 2 1 0
BITMAP
80
80
ENDCHAR
STARTCHAR 0627
ENCODING 1575
SWIDTH 200 0
DWIDTH 2 0
BBX 1 7 1 0
BITMAP
80
80
80
80
80
80
80
ENDCHAR
STARTCHAR 0628
ENCODING 1576
SWIDTH 900 0
DWIDTH 9 0
BBX 9 6 0 -2
BITMAP
0080
8080
8080
7F80
0000
0800
ENDCHAR
STARTCHAR 062A
ENCODING 1578
SWIDTH 900 0
DWIDTH 9 0
BBX 9 5 0 0
BITMAP
0C00
0080
8080
8080
7F80
ENDCHAR
STARTCHAR 062B
ENCODING 1579
SWIDTH 900 0
DWIDTH 9 0
BBX 9 6 0 0
BITMAP
0800
0C00
0080
8080
8080
7F80
ENDCHAR
STARTCHAR 062C
ENCODING 1580
SWIDTH 600 0
DWIDTH 6 0
BBX 6 8 0 -4
BITMAP
F0
1C
60
80
90
80
C0
7C
ENDCHAR
STARTCHAR 062D
ENCODING 1581
SWIDTH 600 0
DWIDTH 6 0
BBX 6 8 0 -4
BITMAP
F0
1C
60
80
80
80
C0
7C
ENDCHAR
STARTCHAR 062E
ENCODING 1582
SWIDTH 600 0
DWIDTH 6 0
BBX 6 10 0 -4
BITMAP
10
00
F0
1C
60
80
80
80
C0
7C
ENDCHAR
STARTCHAR 062F
ENCODING 1583
SWIDTH 400 0
DWIDTH 4 0
BBX 4 4 0 1
BITMAP
10
10
10
F0
ENDCHAR
STARTCHAR 0630
ENCODING 1584
SWIDTH 400 0
DWIDTH 4 0
BBX 4 4 0 3
BITMAP
10
10
10
F0
ENDCHAR
STARTCHAR 0631
ENCODING 1585
SWIDTH 300 0
DWIDTH 3 0
BBX 3 5 0 -2
BITMAP
20
20
20
20
C0
ENDCHAR
STARTCHAR 0632
ENCODING 1586
SWIDTH 300 0
DWIDTH 3 0
BBX 3 5 0 1
BITMAP
20
20
20
20
C0
ENDCHAR
STARTCHAR 0633
ENCODING 1587
SWIDTH 1200 0
DWIDTH 12 0
BBX 12 6 0 -2
BITMAP
0020
0490
0490
8360
8400
7C00
ENDCHAR
STARTCHAR 0634
ENCODING 1588
SWIDTH 1200 0
DWIDTH 12 0
BBX 12 7 0 -1
BITMAP
0100
0020
0490
0490
8360
8400
7C00
ENDCHAR
STARTCHAR 0635
ENCODING 1589
SWIDTH 1300 0
DWIDTH 13 0
BBX 13 6 0 -2
BITMAP
0030
04C8
0508
83F0
8400
7C00
ENDCHAR
STARTCHAR 0636
ENCODING 1590
SWIDTH 1300 0
DWIDTH 13 0
BBX 13 8 0 -2
BITMAP
0020
0000
0030
04C8
0508
83F0
8400
7C00
ENDCHAR
STARTCHAR 0637
ENCODING 1591
SWIDTH 700 0
DWIDTH 7 0
BBX 7 7 0 0
BITMAP
20
20
20
26
3A
22
FE
ENDCHAR
STARTCHAR 0638
ENCODING 1592
SWIDTH 700 0
DWIDTH 7 0
BBX 7 7 0 0
BITMAP
20
24
20
26
3A
22
FE
ENDCHAR
STARTCHAR 0639
ENCODING 1593
SWIDTH 500 0
DWIDTH 5 0
BBX 6 9 0 -4
BITMAP
60
80
80
70
40
80
80
80
7C
ENDCHAR
STARTCHAR 063A
ENCODING 1594
SWIDTH 500 0
DWIDTH 5 0
BBX 6 11 0 -4
BITMAP
20
00
60
80
80
70
40
80
80
80
7C
ENDCHAR
STARTCHAR 0641
ENCODING 1601
SWIDTH 900 0
DWIDTH 9 0
BBX 9 7 0 0
BITMAP
0100
0000
0180
0280
8280
8180
7F80
ENDCHAR
STARTCHAR 0642
ENCODING 1602
SWIDTH 700 0
DWIDTH 7 0
BBX 7 8 0 -2
BITMAP
0A
00
06
0A
8E
82
C2
7C
ENDCHAR
STARTCHAR 0643
ENCODING 1603
SWIDTH 800 0
DWIDTH 8 0
BBX 8 7 0 0
BITMAP
01
01
09
09
89
81
7F
ENDCHAR
STARTCHAR 0644
ENCODING 1604
SWIDTH 600 0
DWIDTH 6 0
BBX 6 9 0 -2
BITMAP
04
04
04
04
04
04
84
84
78
ENDCHAR
STARTCHAR 0645
ENCODING 1605
SWIDTH 400 0
DWIDTH 4 0
BBX 4 7 0 -4
BITMAP
30
50
10
F0
80
80
80
ENDCHAR
STARTCHAR 0646
ENCODING 1606
SWIDTH 600 0
DWIDTH 6 0
BBX 6 7 0 -2
BITMAP
10
00
04
04
84
84
7C
ENDCHAR
STARTCHAR 0647
ENCODING 1607
SWIDTH 600 0
DWIDTH 6 0
BBX 6 5 0 0
BITMAP
10
38
2C
34
FC
ENDCHAR
STARTCHAR 0648
ENCODING 1608
SWIDTH 400 0
DWIDTH 4 0
BBX 4 5 0 -2
BITMAP
70
90
70
10
E0
ENDCHAR
STARTCHAR 0649
ENCODING 1609
SWIDTH 700 0
DWIDTH 7 0
BBX 7 6 0 -2
BITMAP
06
08
08
86
82
7C
ENDCHAR
STARTCHAR 064A
ENCODING 1610
SWIDTH 700 0
DWIDTH 7 0
BBX 7 8 0 -4
BITMAP
06
08
08
86
82
7C
00
28
ENDCHAR
STARTCHAR 0660
ENCODING 1632
SWIDTH 500 0
DWIDTH 5 0
BBX 0 0 2 2
BITMAP
ENDCHAR
STARTCHAR 0661
ENCODING 1633
SWIDTH 500 0
DWIDTH 5 0
BBX 2 7 2 0
BITMAP
80
80
80
80
40
40
40
ENDCHAR
STARTCHAR 0662
ENCODING 1634
SWIDTH 500 0
DWIDTH 5 0
BBX 4 7 1 0
BITMAP
90
F0
80
80
80
80
40
ENDCHAR
STARTCHAR 0663
ENCODING 1635
SWIDTH 500 0
DWIDTH 5 0
BBX 5 7 0 0
BITMAP
88
A8
78
40
40
40
40
ENDCHAR
STARTCHAR 0664
ENCODING 1636
SWIDTH 500 0
DWIDTH 5 0
BBX 4 7 1 0
BITMAP
40
80
80
C0
80
80
F0
ENDCHAR
STARTCHAR 0665
ENCODING 1637
SWIDTH 500 0
DWIDTH 5 0
BBX 4 6 1 0
BITMAP
E0
90
90
90
90
E0
ENDCHAR
STARTCHAR 0666
ENCODING 1638
SWIDTH 500 0
DWIDTH 5 0
BBX 4 7 1 0
BITMAP
E0
20
20
10
10
10
10
ENDCHAR
STARTCHAR 0667
ENCODING 1639
SWIDTH 500 0
DWIDTH 5 0
BBX 6 7 0 0
BITMAP
84
48
48
50
30
30
20
ENDCHAR
STARTCHAR 0668
ENCODING 1640
SWIDTH 500 0
DWIDTH 5 0
BBX 5 7 0 0
BITMAP
20
30
30
50
48
48
88
ENDCHAR
STARTCHAR 0669
ENCODING 1641
SWIDTH 500 0
DWIDTH 5 0
BBX 4 7 1 0
BITMAP
60
A0
A0
60
20
10
10
ENDCHAR
STARTCHAR 066A
ENCODING 1642
SWIDTH 400 0
DWIDTH 4 0
BBX 4 7 0 0
BITMAP
50
50
20
20
40
40
90
ENDCHAR
STARTCHAR 066B
ENCODING 1643
SWIDTH 200 0
DWIDTH 2 0
BBX 2 4 0 -2
BITMAP
40
40
40
80
ENDCHAR
STARTCHAR 066C
ENCODING 1644
SWIDTH 200 0
DWIDTH 2 0
BBX 2 2 0 4
BITMAP
C0
80
ENDCHAR
STARTCHAR 066E
ENCODING 1646
SWIDTH 900 0
DWIDTH 9 0
BBX 9 4 0 0
BITMAP
0080
8080
8080
7F80
ENDCHAR
STARTCHAR 066F
ENCODING 1647
SWIDTH 700 0
DWIDTH 7 0
BBX 7 6 0 -2
BITMAP
06
0A
8E
82
C2
7C
ENDCHAR
STARTCHAR 06A1
ENCODING 1697
SWIDTH 900 0
DWIDTH 9 0
BBX 9 5 0 0
BITMAP
0180
0280
8280
8180
7F80
ENDCHAR
STARTCHAR 06BA
ENCODING 1722
SWIDTH 600 0
DWIDTH 6 0
BBX 6 5 0 -2
BITMAP
04
04
84
84
7C
ENDCHAR
STARTCHAR 06F0
ENCODING 1776
SWIDTH 500 0
DWIDTH 5 0
BBX 2 3 2 2
BITMAP
C0
C0
C0
ENDCHAR
STARTCHAR 06F1
ENCODING 1777
SWIDTH 500 0
DWIDTH 5 0
BBX 2 7 2 0
BITMAP
80
80
80
80
40
40
40
ENDCHAR
STARTCHAR 06F2
ENCODING 1778
SWIDTH 500 0
DWIDTH 5 0
BBX 4 7 1 0
BITMAP
90
F0
80
80
80
80
40
ENDCHAR
STARTCHAR 06F3
ENCODING 1779
SWIDTH 500 0
DWIDTH 5 0
BBX 5 7 0 0
BITMAP
88
A8
78
40
40
40
40
ENDCHAR
STARTCHAR 06F4
ENCODING 1780
SWIDTH 500 0
DWIDTH 5 0
BBX 4 7 1 0
BITMAP
A0
C0
F0
80
80
80
80
ENDCHAR
STARTCHAR 06F5
ENCODING 1781
SWIDTH 500 0
DWIDTH 5 0
BBX 4 7 1 0
BITMAP
40
60
A0
90
90
90
F0
ENDCHAR
STARTCHAR 06F6
ENCODING 1782
SWIDTH 500 0
DWIDTH 5 0
BBX 3 7 1 0
BITMAP
60
80
80
60
40
40
80
ENDCHAR
STARTCHAR 06F7
ENCODING 1783
SWIDTH 500 0
DWIDTH 5 0
BBX 6 7 0 0
BITMAP
84
48
48
50
30
30
20
ENDCHAR
STARTCHAR 06F8
ENCODING 1784
SWIDTH 500 0
DWIDTH 5 0
BBX 5 7 0 0
BITMAP
20
30
30
50
48
48
88
ENDCHAR
STARTCHAR 06F9
ENCODING 1785
SWIDTH 500 0
DWIDTH 5 0
BBX 4 7 1 0
BITMAP
60
A0
A0
60
20
10
10
ENDCHAR
STARTCHAR 1D46
ENCODING 7494
SWIDTH 500 0
DWIDTH 5 0
BBX 5 3 0 3
BITMAP
38
F8
F0
ENDCHAR
STARTCHAR 2000
ENCODING 8192
SWIDTH 500 0
DWIDTH 5 0
BBX 0 0 0 0
BITMAP
ENDCHAR
STARTCHAR 2001
ENCODING 8193
SWIDTH 1000 0
DWIDTH 10 0
BBX 0 0 0 0
BITMAP
ENDCHAR
STARTCHAR 2002
ENCODING 8194
SWIDTH 500 0
DWIDTH 5 0
BBX 0 0 0 0
BITMAP
ENDCHAR
STARTCHAR 2003
ENCODING 8195
SWIDTH 1000 0
DWIDTH 10 0
BBX 0 0 0 0
BITMAP
ENDCHAR
STARTCHAR 2004
ENCODING 8196
SWIDTH 300 0
DWIDTH 3 0
BBX 0 0 0 0
BITMAP
ENDCHAR
STARTCHAR 2005
ENCODING 8197
SWIDTH 200 0
DWIDTH 2 0
BBX 0 0 0 0
BITMAP
ENDCHAR
STARTCHAR 2006
ENCODING 8198
SWIDTH 100 0
DWIDTH 1 0
BBX 0 0 0 0
BITMAP
ENDCHAR
STARTCHAR 2007
ENCODING 8199
SWIDTH 500 0
DWIDTH 5 0
BBX 0 0 0 0
BITMAP
ENDCHAR
STARTCHAR 2008
ENCODING 8200
SWIDTH 200 0
DWIDTH 2 0
BBX 0 0 0 0
BITMAP
ENDCHAR
STARTCHAR 2009
ENCODING 8201
SWIDTH 100 0
DWIDTH 1 0
BBX 0 0 0 0
BITMAP
ENDCHAR
STARTCHAR 200A
ENCODING 8202
SWIDTH 0 0
DWIDTH 0 0
BBX 0 0 0 0
BITMAP
ENDCHAR
STARTCHAR 200B
ENCODING 8203
SWIDTH 0 0
DWIDTH 0 0
BBX 0 0 0 0
BITMAP
ENDCHAR
STARTCHAR 2010
ENCODING 8208
SWIDTH 300 0
DWIDTH 3 0
BBX 3 1 0 2
BITMAP
E0
ENDCHAR
STARTCHAR 2014
ENCODING 8212
SWIDTH 1000 0
DWIDTH 10 0
BBX 10 1 0 2
BITMAP
FFC0
ENDCHAR
STARTCHAR 2015
ENCODING 8213
SWIDTH 1000 0
DWIDTH 10 0
BBX 10 1 0 2
BITMAP
FFC0
ENDCHAR
STARTCHAR 2016
ENCODING 8214
SWIDTH 600 0
DWIDTH 6 0
BBX 3 10 2 -2
BITMAP
A0
A0
A0
A0
A0
A0
A0
A0
A0
A0
ENDCHAR
STARTCHAR 2017
ENCODING 8215
SWIDTH 400 0
DWIDTH 4 0
BBX 4 2 0 -2
BITMAP
F0
F0
ENDCHAR
STARTCHAR 2018
ENCODING 8216
SWIDTH 100 0
DWIDTH 1 0
BBX 1 2 0 5
BITMAP
80
80
ENDCHAR
STARTCHAR 2019
ENCODING 8217
SWIDTH 100 0
DWIDTH 1 0
BBX 1 2 0 5
BITMAP
80
80
ENDCHAR
STARTCHAR 201C
ENCODING 8220
SWIDTH 300 0
DWIDTH 3 0
BBX 3 2 0 5
BITMAP
A0
A0
ENDCHAR
STARTCHAR 201D
ENCODING 8221
SWIDTH 300 0
DWIDTH 3 0
BBX 3 2 0 5
BITMAP
A0
A0
ENDCHAR
STARTCHAR 2020
ENCODING 8224
SWIDTH 500 0
DWIDTH 5 0
BBX 3 8 1 0
BITMAP
40
40
E0
40
40
40
40
40
ENDCHAR
STARTCHAR 2021
ENCODING 8225
SWIDTH 500 0
DWIDTH 5 0
BBX 4 8 1 0
BITMAP
40
40
F0
40
40
50
E0
40
ENDCHAR
STARTCHAR 2022
ENCODING 8226
SWIDTH 300 0
DWIDTH 3 0
BBX 2 3 1 2
BITMAP
C0
C0
80
ENDCHAR
STARTCHAR 2025
ENCODING 8229
SWIDTH 500 0
DWIDTH 5 0
BBX 4 1 1 0
BITMAP
B0
ENDCHAR
STARTCHAR 2026
ENCODING 8230
SWIDTH 700 0
DWIDTH 7 0
BBX 6 1 1 0
BITMAP
B4
ENDCHAR
STARTCHAR 202F
ENCODING 8239
SWIDTH 0 0
DWIDTH 0 0
BBX 0 0 0 0
BITMAP
ENDCHAR
STARTCHAR 2032
ENCODING 8242
SWIDTH 200 0
DWIDTH 2 0
BBX 1 2 1 5
BITMAP
80
80
ENDCHAR
STARTCHAR 2033
ENCODING 8243
SWIDTH 400 0
DWIDTH 4 0
BBX 3 2 1 5
BITMAP
A0
C0
ENDCHAR
STARTCHAR 2034
ENCODING 8244
SWIDTH 500 0
DWIDTH 5 0
BBX 5 2 1 5
BITMAP
A8
D0
ENDCHAR
STARTCHAR 2035
ENCODING 8245
SWIDTH 200 0
DWIDTH 2 0
BBX 1 2 0 5
BITMAP
80
80
ENDCHAR
STARTCHAR 2036
ENCODING 8246
SWIDTH 400 0
DWIDTH 4 0
BBX 3 2 0 5
BITMAP
A0
A0
ENDCHAR
STARTCHAR 2037
ENCODING 8247
SWIDTH 600 0
DWIDTH 6 0
BBX 5 2 0 5
BITMAP
B0
A8
ENDCHAR
STARTCHAR 2038
ENCODING 8248
SWIDTH 300 0
DWIDTH 3 0
BBX 3 2 0 -1
BITMAP
60
A0
ENDCHAR
STARTCHAR 203C
ENCODING 8252
SWIDTH 400 0
DWIDTH 4 0
BBX 3 7 1 0
BITMAP
A0
A0
A0
A0
A0
00
A0
ENDCHAR
STARTCHAR 2040
ENCODING 8256
SWIDTH 800 0
DWIDTH 8 0
BBX 6 2 1 6
BITMAP
78
84
ENDCHAR
STARTCHAR 2043
ENCODING 8259
SWIDTH 300 0
DWIDTH 3 0
BBX 3 1 0 2
BITMAP
E0
ENDCHAR
STARTCHAR 2044
ENCODING 8260
SWIDTH 100 0
DWIDTH 1 0
BBX 5 7 -2 0
BITMAP
08
10
10
20
40
40
80
ENDCHAR
STARTCHAR 2047
ENCODING 8263
SWIDTH 800 0
DWIDTH 8 0
BBX 8 7 0 0
BITMAP
FF
11
11
22
40
00
46
ENDCHAR
STARTCHAR 2050
ENCODING 8272
SWIDTH 800 0
DWIDTH 8 0
BBX 7 7 1 0
BITMAP
78
84
00
00
00
82
7C
ENDCHAR
STARTCHAR 2057
ENCODING 8279
SWIDTH 700 0
DWIDTH 7 0
BBX 6 2 1 5
BITMAP
AC
D4
ENDCHAR
STARTCHAR 205F
ENCODING 8287
SWIDTH 200 0
DWIDTH 2 0
BBX 0 0 0 0
BITMAP
ENDCHAR
STARTCHAR 20AC
ENCODING 8364
SWIDTH 500 0
DWIDTH 5 0
BBX 5 7 0 0
BITMAP
38
40
F0
40
F0
40
38
ENDCHAR
STARTCHAR 20D0
ENCODING 8400
SWIDTH 0 0
DWIDTH 0 0
BBX 4 1 0 7
BITMAP
F0
ENDCHAR
STARTCHAR 20D1
ENCODING 8401
SWIDTH 0 0
DWIDTH 0 0
BBX 4 1 0 7
BITMAP
F0
ENDCHAR
STARTCHAR 20D2
ENCODING 8402
SWIDTH 0 0
DWIDTH 0 0
BBX 1 8 0 -2
BITMAP
80
80
80
80
80
80
80
80
ENDCHAR
STARTCHAR 20D3
ENCODING 8403
SWIDTH 0 0
DWIDTH 0 0
BBX 1 5 0 1
BITMAP
80
80
80
80
80
ENDCHAR
STARTCHAR 20D4
ENCODING 8404
SWIDTH 0 0
DWIDTH 0 0
BBX 6 2 0 6
BITMAP
78
84
ENDCHAR
STARTCHAR 20D5
ENCODING 8405
SWIDTH 0 0
DWIDTH 0 0
BBX 6 2 0 6
BITMAP
78
84
ENDCHAR
STARTCHAR 20D6
ENCODING 8406
SWIDTH 0 0
DWIDTH 0 0
BBX 4 2 0 6
BITMAP
80
F0
ENDCHAR
STARTCHAR 20D7
ENCODING 8407
SWIDTH 0 0
DWIDTH 0 0
BBX 4 2 0 6
BITMAP
10
F0
ENDCHAR
STARTCHAR 20D8
ENCODING 8408
SWIDTH 0 0
DWIDTH 0 0
BBX 4 5 -2 0
BITMAP
60
90
90
90
60
ENDCHAR
STARTCHAR 20D9
ENCODING 8409
SWIDTH 0 0
DWIDTH 0 0
BBX 4 5 -2 0
BITMAP
70
90
90
90
60
ENDCHAR
STARTCHAR 20DA
ENCODING 8410
SWIDTH 0 0
DWIDTH 0 0
BBX 4 5 -2 0
BITMAP
60
90
90
90
60
ENDCHAR
STARTCHAR 20DB
ENCODING 8411
SWIDTH 0 0
DWIDTH 0 0
BBX 5 1 0 6
BITMAP
A8
ENDCHAR
STARTCHAR 20DC
ENCODING 8412
SWIDTH 0 0
DWIDTH 0 0
BBX 7 1 0 6
BITMAP
AA
ENDCHAR
STARTCHAR 20DD
ENCODING 8413
SWIDTH 1000 0
DWIDTH 10 0
BBX 9 9 1 -1
BITMAP
7E00
8100
8080
8080
8080
8080
8080
8100
7E00
ENDCHAR
STARTCHAR 20DE
ENCODING 8414
SWIDTH 1000 0
DWIDTH 10 0
BBX 9 9 1 -1
BITMAP
FF80
8080
8080
8080
8080
8080
8080
8080
FF80
ENDCHAR
STARTCHAR 20DF
ENCODING 8415
SWIDTH 1300 0
DWIDTH 13 0
BBX 12 13 1 -3
BITMAP
0400
0A00
1100
2080
4040
8020
8010
8020
4040
2080
1100
0A00
0400
ENDCHAR
STARTCHAR 20E1
ENCODING 8417
SWIDTH 0 0
DWIDTH 0 0
BBX 5 2 0 6
BITMAP
88
F8
ENDCHAR
STARTCHAR 20E4
ENCODING 8420
SWIDTH 1700 0
DWIDTH 17 0
BBX 15 13 1 -1
BITMAP
0100
0280
0480
0440
0840
0820
1010
1010
2008
4008
4004
8002
FFFE
ENDCHAR
STARTCHAR 20E5
ENCODING 8421
SWIDTH 0 0
DWIDTH 0 0
BBX 4 7 -2 0
BITMAP
80
40
40
40
20
20
10
ENDCHAR
STARTCHAR 20E6
ENCODING 8422
SWIDTH 0 0
DWIDTH 0 0
BBX 2 9 -1 -1
BITMAP
C0
C0
C0
C0
C0
C0
C0
C0
C0
ENDCHAR
STARTCHAR 20E7
ENCODING 8423
SWIDTH 0 0
DWIDTH 0 0
BBX 7 8 -6 0
BITMAP
FE
02
02
02
02
02
02
02
ENDCHAR
STARTCHAR 20E8
ENCODING 8424
SWIDTH 0 0
DWIDTH 0 0
BBX 4 1 -2 -2
BITMAP
90
ENDCHAR
STARTCHAR 20E9
ENCODING 8425
SWIDTH 0 0
DWIDTH 0 0
BBX 4 1 -2 6
BITMAP
F0
ENDCHAR
STARTCHAR 20EA
ENCODING 8426
SWIDTH 0 0
DWIDTH 0 0
BBX 5 2 -3 2
BITMAP
80
F8
ENDCHAR
STARTCHAR 20EB
ENCODING 8427
SWIDTH 0 0
DWIDTH 0 0
BBX 5 7 -3 0
BITMAP
18
28
28
50
50
50
A0
ENDCHAR
STARTCHAR 20EC
ENCODING 8428
SWIDTH 0 0
DWIDTH 0 0
BBX 4 1 0 -3
BITMAP
F0
ENDCHAR
STARTCHAR 20ED
ENCODING 8429
SWIDTH 0 0
DWIDTH 0 0
BBX 4 2 0 -3
BITMAP
F0
40
ENDCHAR
STARTCHAR 20EE
ENCODING 8430
SWIDTH 0 0
DWIDTH 0 0
BBX 4 1 0 -1
BITMAP
F0
ENDCHAR
STARTCHAR 20EF
ENCODING 8431
SWIDTH 0 0
DWIDTH 0 0
BBX 4 2 0 -2
BITMAP
10
F0
ENDCHAR
STARTCHAR 20F0
ENCODING 8432
SWIDTH 0 0
DWIDTH 0 0
BBX 4 3 -2 7
BITMAP
D0
60
60
ENDCHAR
STARTCHAR 2102
ENCODING 8450
SWIDTH 600 0
DWIDTH 6 0
BBX 6 7 0 0
BITMAP
3C
40
C0
C0
C0
40
3C
ENDCHAR
STARTCHAR 2107
ENCODING 8455
SWIDTH 500 0
DWIDTH 5 0
BBX 5 7 1 0
BITMAP
F0
80
80
70
80
80
F8
ENDCHAR
STARTCHAR 210A
ENCODING 8458
SWIDTH 400 0
DWIDTH 4 0
BBX 5 6 -1 -3
BITMAP
38
68
58
70
A0
C0
ENDCHAR
STARTCHAR 210B
ENCODING 8459
SWIDTH 1000 0
DWIDTH 10 0
BBX 11 7 0 0
BITMAP
00E0
14C0
0D80
0E00
1A00
DA80
F700
ENDCHAR
STARTCHAR 210C
ENCODING 8460
SWIDTH 700 0
DWIDTH 7 0
BBX 6 9 1 -2
BITMAP
60
90
68
44
44
C8
68
90
C0
ENDCHAR
STARTCHAR 210D
ENCODING 8461
SWIDTH 700 0
DWIDTH 7 0
BBX 6 7 1 0
BITMAP
CC
CC
CC
FC
CC
CC
CC
ENDCHAR
STARTCHAR 210E
ENCODING 8462
SWIDTH 500 0
DWIDTH 5 0
BBX 5 8 0 0
BITMAP
20
20
40
78
48
48
88
88
ENDCHAR
STARTCHAR 210F
ENCODING 8463
SWIDTH 500 0
DWIDTH 5 0
BBX 5 8 0 0
BITMAP
20
30
40
78
48
48
88
88
ENDCHAR
STARTCHAR 2110
ENCODING 8464
SWIDTH 700 0
DWIDTH 7 0
BBX 7 7 0 0
BITMAP
0E
14
24
2A
2C
D8
F0
ENDCHAR
STARTCHAR 2111
ENCODING 8465
SWIDTH 500 0
DWIDTH 5 0
BBX 5 7 0 0
BITMAP
F0
88
10
48
08
08
F8
ENDCHAR
STARTCHAR 2112
ENCODING 8466
SWIDTH 800 0
DWIDTH 8 0
BBX 8 7 0 0
BITMAP
3B
25
46
4C
38
10
FC
ENDCHAR
STARTCHAR 2113
ENCODING 8467
SWIDTH 500 0
DWIDTH 5 0
BBX 3 8 1 0
BITMAP
60
A0
A0
A0
A0
C0
80
60
ENDCHAR
STARTCHAR 2115
ENCODING 8469
SWIDTH 700 0
DWIDTH 7 0
BBX 6 7 1 0
BITMAP
84
C4
E4
D4
AC
94
8C
ENDCHAR
STARTCHAR 2118
ENCODING 8472
SWIDTH 800 0
DWIDTH 8 0
BBX 8 8 0 -2
BITMAP
40
9F
A1
41
52
B2
AC
E0
ENDCHAR
STARTCHAR 2119
ENCODING 8473
SWIDTH 600 0
DWIDTH 6 0
BBX 5 7 1 0
BITMAP
F8
D8
D8
F0
C0
C0
C0
ENDCHAR
STARTCHAR 211A
ENCODING 8474
SWIDTH 700 0
DWIDTH 7 0
BBX 6 9 1 -2
BITMAP
78
CC
CC
CC
CC
CC
48
38
0C
ENDCHAR
STARTCHAR 211B
ENCODING 8475
SWIDTH 900 0
DWIDTH 9 0
BBX 9 7 0 0
BITMAP
1F00
6480
9480
9700
6A00
CA00
F300
ENDCHAR
STARTCHAR 211C
ENCODING 8476
SWIDTH 700 0
DWIDTH 7 0
BBX 7 7 0 0
BITMAP
7C
92
94
5C
14
14
E2
ENDCHAR
STARTCHAR 211D
ENCODING 8477
SWIDTH 700 0
DWIDTH 7 0
BBX 6 7 1 0
BITMAP
F8
D8
D8
F0
F0
D8
CC
ENDCHAR
STARTCHAR 2124
ENCODING 8484
SWIDTH 600 0
DWIDTH 6 0
BBX 6 7 0 0
BITMAP
7C
18
28
30
60
60
FC
ENDCHAR
STARTCHAR 2126
ENCODING 8486
SWIDTH 700 0
DWIDTH 7 0
BBX 7 7 0 0
BITMAP
3C
42
42
42
42
44
E6
ENDCHAR
STARTCHAR 2127
ENCODING 8487
SWIDTH 700 0
DWIDTH 7 0
BBX 7 7 0 0
BITMAP
EE
44
42
42
42
42
3C
ENDCHAR
STARTCHAR 2128
ENCODING 8488
SWIDTH 500 0
DWIDTH 5 0
BBX 5 9 0 -2
BITMAP
F0
88
08
50
38
08
08
50
A0
ENDCHAR
STARTCHAR 2129
ENCODING 8489
SWIDTH 300 0
DWIDTH 3 0
BBX 2 5 1 0
BITMAP
80
40
40
40
40
ENDCHAR
STARTCHAR 212B
ENCODING 8491
SWIDTH 600 0
DWIDTH 6 0
BBX 6 9 0 0
BITMAP
30
30
10
30
28
48
78
84
84
ENDCHAR
STARTCHAR 212C
ENCODING 8492
SWIDTH 800 0
DWIDTH 8 0
BBX 8 7 0 0
BITMAP
3F
45
95
6A
09
D9
FE
ENDCHAR
STARTCHAR 212D
ENCODING 8493
SWIDTH 600 0
DWIDTH 6 0
BBX 6 7 0 0
BITMAP
7C
A0
A0
90
90
50
38
ENDCHAR
STARTCHAR 212F
ENCODING 8495
SWIDTH 300 0
DWIDTH 3 0
BBX 4 3 0 0
BITMAP
70
60
C0
ENDCHAR
STARTCHAR 2130
ENCODING 8496
SWIDTH 600 0
DWIDTH 6 0
BBX 6 7 0 0
BITMAP
1C
2C
20
50
E8
88
70
ENDCHAR
STARTCHAR 2131
ENCODING 8497
SWIDTH 800 0
DWIDTH 8 0
BBX 8 7 0 0
BITMAP
3F
40
54
56
2A
C8
F0
ENDCHAR
STARTCHAR 2132
ENCODING 8498
SWIDTH 500 0
DWIDTH 5 0
BBX 4 7 0 0
BITMAP
10
10
10
F0
10
10
F0
ENDCHAR
STARTCHAR 2133
ENCODING 8499
SWIDTH 1100 0
DWIDTH 11 0
BBX 11 7 0 0
BITMAP
0120
06C0
0740
0580
1E80
E500
C580
ENDCHAR
STARTCHAR 2134
ENCODING 8500
SWIDTH 400 0
DWIDTH 4 0
BBX 4 3 0 0
BITMAP
70
50
E0
ENDCHAR
STARTCHAR 2135
ENCODING 8501
SWIDTH 600 0
DWIDTH 6 0
BBX 6 6 0 0
BITMAP
84
48
68
50
88
84
ENDCHAR
STARTCHAR 2136
ENCODING 8502
SWIDTH 500 0
DWIDTH 5 0
BBX 5 6 0 0
BITMAP
60
10
10
10
10
F8
ENDCHAR
STARTCHAR 2137
ENCODING 8503
SWIDTH 300 0
DWIDTH 3 0
BBX 3 6 0 0
BITMAP
C0
40
20
20
60
A0
ENDCHAR
STARTCHAR 2138
ENCODING 8504
SWIDTH 400 0
DWIDTH 4 0
BBX 4 6 0 0
BITMAP
F0
10
10
10
10
10
ENDCHAR
STARTCHAR 213C
ENCODING 8508
SWIDTH 700 0
DWIDTH 7 0
BBX 7 5 0 0
BITMAP
7E
6C
6C
AC
CE
ENDCHAR
STARTCHAR 213D
ENCODING 8509
SWIDTH 500 0
DWIDTH 5 0
BBX 5 7 0 -2
BITMAP
C8
70
70
50
20
20
20
ENDCHAR
STARTCHAR 213E
ENCODING 8510
SWIDTH 500 0
DWIDTH 5 0
BBX 4 7 1 0
BITMAP
F0
C0
C0
C0
C0
C0
C0
ENDCHAR
STARTCHAR 213F
ENCODING 8511
SWIDTH 800 0
DWIDTH 8 0
BBX 6 7 1 0
BITMAP
FC
CC
CC
CC
CC
CC
CC
ENDCHAR
STARTCHAR 2140
ENCODING 8512
SWIDTH 700 0
DWIDTH 7 0
BBX 6 9 1 -2
BITMAP
F8
C0
60
50
30
20
40
80
FC
ENDCHAR
STARTCHAR 2141
ENCODING 8513
SWIDTH 700 0
DWIDTH 7 0
BBX 6 7 1 0
BITMAP
F8
88
84
C4
04
08
F0
ENDCHAR
STARTCHAR 2142
ENCODING 8514
SWIDTH 500 0
DWIDTH 5 0
BBX 4 7 0 0
BITMAP
F0
10
10
10
10
10
10
ENDCHAR
STARTCHAR 2143
ENCODING 8515
SWIDTH 500 0
DWIDTH 5 0
BBX 4 7 0 0
BITMAP
10
10
10
10
10
10
F0
ENDCHAR
STARTCHAR 2144
ENCODING 8516
SWIDTH 500 0
DWIDTH 5 0
BBX 5 7 0 0
BITMAP
20
20
20
30
50
48
88
ENDCHAR
STARTCHAR 2145
ENCODING 8517
SWIDTH 700 0
DWIDTH 7 0
BBX 7 7 0 0
BITMAP
7C
62
66
66
A6
CC
F8
ENDCHAR
STARTCHAR 2146
ENCODING 8518
SWIDTH 500 0
DWIDTH 5 0
BBX 6 8 0 0
BITMAP
04
0C
0C
7C
D4
D8
D8
F8
ENDCHAR
STARTCHAR 2147
ENCODING 8519
SWIDTH 400 0
DWIDTH 4 0
BBX 5 5 0 0
BITMAP
78
D8
E0
C0
70
ENDCHAR
STARTCHAR 2148
ENCODING 8520
SWIDTH 300 0
DWIDTH 3 0
BBX 3 8 0 0
BITMAP
20
60
00
60
60
A0
C0
C0
ENDCHAR
STARTCHAR 2149
ENCODING 8521
SWIDTH 500 0
DWIDTH 5 0
BBX 4 10 1 -2
BITMAP
10
30
00
70
60
60
60
60
A0
C0
ENDCHAR
STARTCHAR 214A
ENCODING 8522
SWIDTH 600 0
DWIDTH 6 0
BBX 6 7 1 1
BITMAP
F8
C8
C8
D8
E0
40
3C
ENDCHAR
STARTCHAR 214B
ENCODING 8523
SWIDTH 700 0
DWIDTH 7 0
BBX 6 7 1 0
BITMAP
F8
C4
A4
18
28
48
38
ENDCHAR
STARTCHAR 2190
ENCODING 8592
SWIDTH 1000 0
DWIDTH 10 0
BBX 9 4 1 1
BITMAP
4000
C000
FF80
4000
ENDCHAR
STARTCHAR 2191
ENCODING 8593
SWIDTH 500 0
DWIDTH 5 0
BBX 3 9 1 -2
BITMAP
40
E0
40
40
40
40
40
40
40
ENDCHAR
STARTCHAR 2192
ENCODING 8594
SWIDTH 1000 0
DWIDTH 10 0
BBX 8 4 1 1
BITMAP
02
01
FF
02
ENDCHAR
STARTCHAR 2193
ENCODING 8595
SWIDTH 500 0
DWIDTH 5 0
BBX 4 9 1 -2
BITMAP
40
40
40
40
40
40
D0
60
40
ENDCHAR
STARTCHAR 2194
ENCODING 8596
SWIDTH 1100 0
DWIDTH 11 0
BBX 10 4 1 1
BITMAP
4100
C080
FFC0
4100
ENDCHAR
STARTCHAR 2195
ENCODING 8597
SWIDTH 500 0
DWIDTH 5 0
BBX 4 10 1 -2
BITMAP
40
60
D0
40
40
40
40
40
E0
40
ENDCHAR
STARTCHAR 2196
ENCODING 8598
SWIDTH 700 0
DWIDTH 7 0
BBX 6 6 1 -1
BITMAP
E0
C0
A0
10
08
04
ENDCHAR
STARTCHAR 2197
ENCODING 8599
SWIDTH 700 0
DWIDTH 7 0
BBX 6 6 1 -1
BITMAP
1C
0C
14
20
40
80
ENDCHAR
STARTCHAR 2198
ENCODING 8600
SWIDTH 700 0
DWIDTH 7 0
BBX 6 7 1 -1
BITMAP
80
40
20
10
0C
04
18
ENDCHAR
STARTCHAR 2199
ENCODING 8601
SWIDTH 700 0
DWIDTH 7 0
BBX 6 7 1 -1
BITMAP
04
08
10
20
C0
80
40
ENDCHAR
STARTCHAR 219A
ENCODING 8602
SWIDTH 1000 0
DWIDTH 10 0
BBX 9 4 1 1
BITMAP
4400
C400
FF80
4800
ENDCHAR
STARTCHAR 219B
ENCODING 8603
SWIDTH 1000 0
DWIDTH 10 0
BBX 8 4 1 1
BITMAP
02
11
FF
22
ENDCHAR
STARTCHAR 219C
ENCODING 8604
SWIDTH 1000 0
DWIDTH 10 0
BBX 8 4 1 1
BITMAP
C0
86
D9
20
ENDCHAR
STARTCHAR 219D
ENCODING 8605
SWIDTH 1000 0
DWIDTH 10 0
BBX 9 4 1 1
BITMAP
0380
6100
9B00
0400
ENDCHAR
STARTCHAR 219E
ENCODING 8606
SWIDTH 1000 0
DWIDTH 10 0
BBX 9 4 1 1
BITMAP
5000
F000
FF80
5000
ENDCHAR
STARTCHAR 219F
ENCODING 8607
SWIDTH 500 0
DWIDTH 5 0
BBX 3 9 1 -2
BITMAP
40
E0
40
E0
40
40
40
40
40
ENDCHAR
STARTCHAR 21A0
ENCODING 8608
SWIDTH 1000 0
DWIDTH 10 0
BBX 8 4 1 1
BITMAP
0A
05
FF
0A
ENDCHAR
STARTCHAR 21A1
ENCODING 8609
SWIDTH 500 0
DWIDTH 5 0
BBX 4 9 1 -2
BITMAP
40
40
40
40
D0
60
D0
60
40
ENDCHAR
STARTCHAR 21A2
ENCODING 8610
SWIDTH 1000 0
DWIDTH 10 0
BBX 8 4 1 1
BITMAP
40
C1
FE
41
ENDCHAR
STARTCHAR 21A3
ENCODING 8611
SWIDTH 1000 0
DWIDTH 10 0
BBX 8 4 1 1
BITMAP
82
81
7F
82
ENDCHAR
STARTCHAR 21A4
ENCODING 8612
SWIDTH 1000 0
DWIDTH 10 0
BBX 9 4 1 1
BITMAP
4080
C080
FF80
4080
ENDCHAR
STARTCHAR 21A5
ENCODING 8613
SWIDTH 500 0
DWIDTH 5 0
BBX 4 9 1 -2
BITMAP
40
E0
40
40
40
40
40
40
F0
ENDCHAR
STARTCHAR 21A6
ENCODING 8614
SWIDTH 1000 0
DWIDTH 10 0
BBX 8 4 1 1
BITMAP
02
81
FF
82
ENDCHAR
STARTCHAR 21A7
ENCODING 8615
SWIDTH 500 0
DWIDTH 5 0
BBX 4 9 1 -2
BITMAP
E0
40
40
40
40
40
D0
60
40
ENDCHAR
STARTCHAR 21A8
ENCODING 8616
SWIDTH 500 0
DWIDTH 5 0
BBX 4 10 1 -2
BITMAP
40
E0
40
40
40
40
50
E0
40
F0
ENDCHAR
STARTCHAR 21A9
ENCODING 8617
SWIDTH 1000 0
DWIDTH 10 0
BBX 9 5 1 1
BITMAP
0300
4080
C080
FF00
4000
ENDCHAR
STARTCHAR 21AA
ENCODING 8618
SWIDTH 1000 0
DWIDTH 10 0
BBX 9 5 1 1
BITMAP
E000
8200
8100
7F80
0200
ENDCHAR
STARTCHAR 21AB
ENCODING 8619
SWIDTH 1000 0
DWIDTH 10 0
BBX 9 5 1 1
BITMAP
0180
4280
C280
FF00
4200
ENDCHAR
STARTCHAR 21AC
ENCODING 8620
SWIDTH 1000 0
DWIDTH 10 0
BBX 9 5 1 1
BITMAP
C000
A000
A180
7F80
2100
ENDCHAR
STARTCHAR 21AD
ENCODING 8621
SWIDTH 1200 0
DWIDTH 12 0
BBX 10 4 1 1
BITMAP
4080
CC40
F4C0
5380
ENDCHAR
STARTCHAR 21AE
ENCODING 8622
SWIDTH 1100 0
DWIDTH 11 0
BBX 10 4 1 1
BITMAP
4500
C880
FFC0
5100
ENDCHAR
STARTCHAR 21AF
ENCODING 8623
SWIDTH 600 0
DWIDTH 6 0
BBX 4 9 1 -2
BITMAP
40
80
90
F0
90
20
A0
70
40
ENDCHAR
STARTCHAR 21B0
ENCODING 8624
SWIDTH 700 0
DWIDTH 7 0
BBX 5 9 1 -2
BITMAP
40
F8
48
28
08
08
08
08
08
ENDCHAR
STARTCHAR 21B1
ENCODING 8625
SWIDTH 700 0
DWIDTH 7 0
BBX 5 9 1 -2
BITMAP
10
F8
90
A0
80
80
80
80
80
ENDCHAR
STARTCHAR 21B2
ENCODING 8626
SWIDTH 700 0
DWIDTH 7 0
BBX 5 9 1 -2
BITMAP
08
08
08
08
08
28
F8
40
20
ENDCHAR
STARTCHAR 21B3
ENCODING 8627
SWIDTH 700 0
DWIDTH 7 0
BBX 5 9 1 -2
BITMAP
80
80
80
80
80
A0
F8
10
20
ENDCHAR
STARTCHAR 21B4
ENCODING 8628
SWIDTH 800 0
DWIDTH 8 0
BBX 6 5 1 -1
BITMAP
F8
08
28
1C
08
ENDCHAR
STARTCHAR 21B5
ENCODING 8629
SWIDTH 700 0
DWIDTH 7 0
BBX 5 6 1 0
BITMAP
08
08
28
48
F8
20
ENDCHAR
STARTCHAR 21B6
ENCODING 8630
SWIDTH 1200 0
DWIDTH 12 0
BBX 10 4 1 0
BITMAP
0F00
B080
6040
7040
ENDCHAR
STARTCHAR 21B7
ENCODING 8631
SWIDTH 1200 0
DWIDTH 12 0
BBX 10 4 1 0
BITMAP
3E00
4100
82C0
8180
ENDCHAR
STARTCHAR 21B8
ENCODING 8632
SWIDTH 700 0
DWIDTH 7 0
BBX 6 7 1 -1
BITMAP
FC
E0
C0
A0
10
08
04
ENDCHAR
STARTCHAR 21B9
ENCODING 8633
SWIDTH 1000 0
DWIDTH 10 0
BBX 9 8 1 -1
BITMAP
2000
C000
FF80
A000
0480
0280
FF80
0480
ENDCHAR
STARTCHAR 21BA
ENCODING 8634
SWIDTH 1100 0
DWIDTH 11 0
BBX 9 9 1 -2
BITMAP
0380
4300
4280
8080
8080
8080
4100
2200
1C00
ENDCHAR
STARTCHAR 21BB
ENCODING 8635
SWIDTH 1100 0
DWIDTH 11 0
BBX 9 9 2 -2
BITMAP
E000
6100
A100
8100
8080
8100
8100
6200
1C00
ENDCHAR
STARTCHAR 21BC
ENCODING 8636
SWIDTH 1000 0
DWIDTH 10 0
BBX 9 3 1 2
BITMAP
4000
C000
FF80
ENDCHAR
STARTCHAR 21BD
ENCODING 8637
SWIDTH 1000 0
DWIDTH 10 0
BBX 9 2 1 1
BITMAP
FF80
4000
ENDCHAR
STARTCHAR 21BE
ENCODING 8638
SWIDTH 400 0
DWIDTH 4 0
BBX 2 9 2 -2
BITMAP
80
C0
80
80
80
80
80
80
80
ENDCHAR
STARTCHAR 21BF
ENCODING 8639
SWIDTH 400 0
DWIDTH 4 0
BBX 2 9 1 -2
BITMAP
40
C0
40
40
40
40
40
40
40
ENDCHAR
STARTCHAR 21C0
ENCODING 8640
SWIDTH 1000 0
DWIDTH 10 0
BBX 9 3 1 2
BITMAP
0200
0100
FF80
ENDCHAR
STARTCHAR 21C1
ENCODING 8641
SWIDTH 1000 0
DWIDTH 10 0
BBX 8 2 1 1
BITMAP
FF
02
ENDCHAR
STARTCHAR 21C2
ENCODING 8642
SWIDTH 400 0
DWIDTH 4 0
BBX 2 9 2 -2
BITMAP
80
80
80
80
80
80
C0
80
80
ENDCHAR
STARTCHAR 21C3
ENCODING 8643
SWIDTH 400 0
DWIDTH 4 0
BBX 2 9 1 -2
BITMAP
40
40
40
40
40
40
C0
40
40
ENDCHAR
STARTCHAR 21C4
ENCODING 8644
SWIDTH 1000 0
DWIDTH 10 0
BBX 9 8 1 -1
BITMAP
0200
0300
FF00
0200
4000
C000
FF80
4000
ENDCHAR
STARTCHAR 21C5
ENCODING 8645
SWIDTH 900 0
DWIDTH 9 0
BBX 8 9 1 -2
BITMAP
44
E4
44
44
44
44
4D
46
44
ENDCHAR
STARTCHAR 21C6
ENCODING 8646
SWIDTH 1000 0
DWIDTH 10 0
BBX 9 7 1 0
BITMAP
C000
FF80
4000
0200
0100
FF00
0200
ENDCHAR
STARTCHAR 21C7
ENCODING 8647
SWIDTH 1000 0
DWIDTH 10 0
BBX 9 7 1 0
BITMAP
C000
FF80
4000
4000
C000
FF80
4000
ENDCHAR
STARTCHAR 21C8
ENCODING 8648
SWIDTH 900 0
DWIDTH 9 0
BBX 7 9 1 -2
BITMAP
44
EE
54
44
44
44
44
44
44
ENDCHAR
STARTCHAR 21C9
ENCODING 8649
SWIDTH 1000 0
DWIDTH 10 0
BBX 8 8 1 -1
BITMAP
02
03
FF
02
02
01
FF
02
ENDCHAR
STARTCHAR 21CA
ENCODING 8650
SWIDTH 900 0
DWIDTH 9 0
BBX 8 9 1 -2
BITMAP
44
44
44
44
44
44
DD
66
44
ENDCHAR
STARTCHAR 21CB
ENCODING 8651
SWIDTH 1000 0
DWIDTH 10 0
BBX 9 6 1 0
BITMAP
4000
C000
FF80
0000
FF00
0200
ENDCHAR
STARTCHAR 21CC
ENCODING 8652
SWIDTH 1000 0
DWIDTH 10 0
BBX 9 6 1 0
BITMAP
0200
0100
FF80
0000
FF80
4000
ENDCHAR
STARTCHAR 21CD
ENCODING 8653
SWIDTH 1000 0
DWIDTH 10 0
BBX 9 6 1 0
BITMAP
2000
4200
FF80
8400
7F80
4000
ENDCHAR
STARTCHAR 21CE
ENCODING 8654
SWIDTH 1200 0
DWIDTH 12 0
BBX 11 6 1 0
BITMAP
2080
4240
FFE0
8420
7FC0
4080
ENDCHAR
STARTCHAR 21CF
ENCODING 8655
SWIDTH 1000 0
DWIDTH 10 0
BBX 8 6 1 0
BITMAP
04
12
FF
21
FE
04
ENDCHAR
STARTCHAR 21D0
ENCODING 8656
SWIDTH 1000 0
DWIDTH 10 0
BBX 9 6 1 0
BITMAP
2000
4000
FF80
8000
7F80
4000
ENDCHAR
STARTCHAR 21D1
ENCODING 8657
SWIDTH 700 0
DWIDTH 7 0
BBX 6 9 1 -2
BITMAP
30
58
D4
50
50
50
50
50
10
ENDCHAR
STARTCHAR 21D2
ENCODING 8658
SWIDTH 1000 0
DWIDTH 10 0
BBX 8 6 1 0
BITMAP
04
02
FF
01
FE
04
ENDCHAR
STARTCHAR 21D3
ENCODING 8659
SWIDTH 700 0
DWIDTH 7 0
BBX 5 9 1 -2
BITMAP
50
50
50
50
50
50
D8
70
20
ENDCHAR
STARTCHAR 21D4
ENCODING 8660
SWIDTH 1200 0
DWIDTH 12 0
BBX 11 6 1 0
BITMAP
2080
4040
FFE0
8020
7FC0
4080
ENDCHAR
STARTCHAR 21D5
ENCODING 8661
SWIDTH 700 0
DWIDTH 7 0
BBX 6 11 1 -2
BITMAP
30
D8
54
50
50
50
50
50
D8
70
20
ENDCHAR
STARTCHAR 21D6
ENCODING 8662
SWIDTH 800 0
DWIDTH 8 0
BBX 7 8 1 -1
BITMAP
10
E0
A0
D0
A8
14
0A
04
ENDCHAR
STARTCHAR 21D7
ENCODING 8663
SWIDTH 800 0
DWIDTH 8 0
BBX 7 8 1 -1
BITMAP
10
0E
12
26
4A
90
20
40
ENDCHAR
STARTCHAR 21D8
ENCODING 8664
SWIDTH 800 0
DWIDTH 8 0
BBX 7 7 1 0
BITMAP
40
A0
50
2A
16
0A
3E
ENDCHAR
STARTCHAR 21D9
ENCODING 8665
SWIDTH 800 0
DWIDTH 8 0
BBX 7 7 1 0
BITMAP
08
12
24
C8
90
A0
F0
ENDCHAR
STARTCHAR 21DA
ENCODING 8666
SWIDTH 1000 0
DWIDTH 10 0
BBX 9 8 1 -1
BITMAP
2000
4000
7F80
8000
FF80
C000
7F00
2000
ENDCHAR
STARTCHAR 21DB
ENCODING 8667
SWIDTH 1000 0
DWIDTH 10 0
BBX 8 8 1 -1
BITMAP
04
02
FE
01
FF
03
FE
04
ENDCHAR
STARTCHAR 21DC
ENCODING 8668
SWIDTH 1100 0
DWIDTH 11 0
BBX 10 4 1 1
BITMAP
4000
C100
FFC0
4000
ENDCHAR
STARTCHAR 21DD
ENCODING 8669
SWIDTH 1100 0
DWIDTH 11 0
BBX 9 4 1 1
BITMAP
0100
4180
FF80
0100
ENDCHAR
STARTCHAR 21DE
ENCODING 8670
SWIDTH 400 0
DWIDTH 4 0
BBX 3 7 1 0
BITMAP
40
C0
80
E0
E0
80
80
ENDCHAR
STARTCHAR 21DF
ENCODING 8671
SWIDTH 400 0
DWIDTH 4 0
BBX 3 6 1 1
BITMAP
80
E0
E0
80
C0
40
ENDCHAR
STARTCHAR 21E0
ENCODING 8672
SWIDTH 1000 0
DWIDTH 10 0
BBX 9 4 1 1
BITMAP
4000
C000
FF80
4000
ENDCHAR
STARTCHAR 21E1
ENCODING 8673
SWIDTH 500 0
DWIDTH 5 0
BBX 3 9 1 -1
BITMAP
40
E0
40
00
40
00
40
40
40
ENDCHAR
STARTCHAR 21E2
ENCODING 8674
SWIDTH 1000 0
DWIDTH 10 0
BBX 8 4 1 1
BITMAP
02
01
FF
02
ENDCHAR
STARTCHAR 21E3
ENCODING 8675
SWIDTH 500 0
DWIDTH 5 0
BBX 4 9 1 -2
BITMAP
40
00
40
40
40
40
D0
60
40
ENDCHAR
STARTCHAR 21E4
ENCODING 8676
SWIDTH 1000 0
DWIDTH 10 0
BBX 9 4 1 1
BITMAP
2000
C000
FF80
A000
ENDCHAR
STARTCHAR 21E5
ENCODING 8677
SWIDTH 1000 0
DWIDTH 10 0
BBX 9 4 1 1
BITMAP
0480
0280
FF80
0480
ENDCHAR
STARTCHAR 21E6
ENCODING 8678
SWIDTH 800 0
DWIDTH 8 0
BBX 7 5 1 1
BITMAP
40
BE
82
82
7C
ENDCHAR
STARTCHAR 21E7
ENCODING 8679
SWIDTH 600 0
DWIDTH 6 0
BBX 5 7 1 0
BITMAP
20
D0
88
90
90
90
F0
ENDCHAR
STARTCHAR 21E8
ENCODING 8680
SWIDTH 800 0
DWIDTH 8 0
BBX 7 5 1 1
BITMAP
08
F4
82
84
78
ENDCHAR
STARTCHAR 21E9
ENCODING 8681
SWIDTH 600 0
DWIDTH 6 0
BBX 5 7 1 0
BITMAP
F0
90
90
90
98
90
60
ENDCHAR
STARTCHAR 21EA
ENCODING 8682
SWIDTH 600 0
DWIDTH 6 0
BBX 5 8 1 -1
BITMAP
20
D0
88
90
90
90
60
F0
ENDCHAR
STARTCHAR 21EB
ENCODING 8683
SWIDTH 600 0
DWIDTH 6 0
BBX 5 8 1 -1
BITMAP
20
D0
88
90
90
90
90
F8
ENDCHAR
STARTCHAR 21EC
ENCODING 8684
SWIDTH 600 0
DWIDTH 6 0
BBX 5 8 1 -1
BITMAP
20
D0
E8
90
90
90
90
F8
ENDCHAR
STARTCHAR 21ED
ENCODING 8685
SWIDTH 600 0
DWIDTH 6 0
BBX 5 8 1 -1
BITMAP
20
D0
C8
D0
D0
D0
D0
F8
ENDCHAR
STARTCHAR 21EE
ENCODING 8686
SWIDTH 600 0
DWIDTH 6 0
BBX 5 9 1 -1
BITMAP
20
F0
D8
88
90
90
90
90
F0
ENDCHAR
STARTCHAR 21EF
ENCODING 8687
SWIDTH 600 0
DWIDTH 6 0
BBX 5 9 1 -1
BITMAP
20
F0
D8
88
90
90
90
90
F8
ENDCHAR
STARTCHAR 21F0
ENCODING 8688
SWIDTH 900 0
DWIDTH 9 0
BBX 7 5 1 1
BITMAP
88
FC
82
82
FC
ENDCHAR
STARTCHAR 21F1
ENCODING 8689
SWIDTH 900 0
DWIDTH 9 0
BBX 8 8 1 -1
BITMAP
FF
F0
E0
D0
88
84
82
80
ENDCHAR
STARTCHAR 21F2
ENCODING 8690
SWIDTH 900 0
DWIDTH 9 0
BBX 8 8 1 -1
BITMAP
81
41
21
11
0B
07
1F
FF
ENDCHAR
STARTCHAR 21F3
ENCODING 8691
SWIDTH 600 0
DWIDTH 6 0
BBX 5 8 1 0
BITMAP
60
90
98
90
90
98
90
60
ENDCHAR
STARTCHAR 21F4
ENCODING 8692
SWIDTH 1000 0
DWIDTH 10 0
BBX 8 4 1 1
BITMAP
32
49
FF
32
ENDCHAR
STARTCHAR 21F5
ENCODING 8693
SWIDTH 900 0
DWIDTH 9 0
BBX 7 9 1 -2
BITMAP
44
4E
44
44
44
44
D4
64
44
ENDCHAR
STARTCHAR 21F6
ENCODING 8694
SWIDTH 1000 0
DWIDTH 10 0
BBX 9 12 1 -3
BITMAP
0200
0300
FF80
0200
0200
0100
FF00
0200
0200
0100
FF00
0200
ENDCHAR
STARTCHAR 21F7
ENCODING 8695
SWIDTH 1000 0
DWIDTH 10 0
BBX 9 4 1 1
BITMAP
4800
C800
FF80
4800
ENDCHAR
STARTCHAR 21F8
ENCODING 8696
SWIDTH 1000 0
DWIDTH 10 0
BBX 8 4 1 1
BITMAP
12
11
FF
12
ENDCHAR
STARTCHAR 21F9
ENCODING 8697
SWIDTH 1100 0
DWIDTH 11 0
BBX 10 4 1 1
BITMAP
4900
C880
FFC0
4900
ENDCHAR
STARTCHAR 21FA
ENCODING 8698
SWIDTH 1000 0
DWIDTH 10 0
BBX 9 4 1 1
BITMAP
4400
D400
FF80
5400
ENDCHAR
STARTCHAR 21FB
ENCODING 8699
SWIDTH 1000 0
DWIDTH 10 0
BBX 8 4 1 1
BITMAP
22
31
FF
32
ENDCHAR
STARTCHAR 21FC
ENCODING 8700
SWIDTH 1100 0
DWIDTH 11 0
BBX 10 4 1 1
BITMAP
4500
D480
FFC0
5500
ENDCHAR
STARTCHAR 21FD
ENCODING 8701
SWIDTH 1000 0
DWIDTH 10 0
BBX 9 3 1 2
BITMAP
C000
FF80
4000
ENDCHAR
STARTCHAR 21FE
ENCODING 8702
SWIDTH 1000 0
DWIDTH 10 0
BBX 8 3 1 2
BITMAP
03
FF
02
ENDCHAR
STARTCHAR 21FF
ENCODING 8703
SWIDTH 1200 0
DWIDTH 12 0
BBX 10 3 1 2
BITMAP
C0C0
FFC0
4080
ENDCHAR
STARTCHAR 2200
ENCODING 8704
SWIDTH 700 0
DWIDTH 7 0
BBX 6 7 1 0
BITMAP
84
88
78
48
50
30
20
ENDCHAR
STARTCHAR 2201
ENCODING 8705
SWIDTH 400 0
DWIDTH 4 0
BBX 3 7 1 0
BITMAP
C0
A0
80
80
80
A0
C0
ENDCHAR
STARTCHAR 2202
ENCODING 8706
SWIDTH 500 0
DWIDTH 5 0
BBX 5 7 0 0
BITMAP
70
08
78
48
88
88
70
ENDCHAR
STARTCHAR 2203
ENCODING 8707
SWIDTH 500 0
DWIDTH 5 0
BBX 4 7 1 0
BITMAP
F0
10
10
F0
10
10
F0
ENDCHAR
STARTCHAR 2204
ENCODING 8708
SWIDTH 500 0
DWIDTH 5 0
BBX 4 9 1 -1
BITMAP
20
F0
30
50
F0
50
50
F0
80
ENDCHAR
STARTCHAR 2205
ENCODING 8709
SWIDTH 800 0
DWIDTH 8 0
BBX 7 7 1 0
BITMAP
7A
84
8A
92
A2
C4
F8
ENDCHAR
STARTCHAR 2206
ENCODING 8710
SWIDTH 500 0
DWIDTH 5 0
BBX 6 7 0 0
BITMAP
30
30
50
48
48
88
FC
ENDCHAR
STARTCHAR 2207
ENCODING 8711
SWIDTH 500 0
DWIDTH 5 0
BBX 6 7 0 0
BITMAP
FC
88
48
48
50
30
30
ENDCHAR
STARTCHAR 2208
ENCODING 8712
SWIDTH 600 0
DWIDTH 6 0
BBX 5 6 1 0
BITMAP
78
80
80
F8
80
78
ENDCHAR
STARTCHAR 2209
ENCODING 8713
SWIDTH 600 0
DWIDTH 6 0
BBX 5 8 1 -1
BITMAP
08
78
90
90
F8
A0
78
40
ENDCHAR
STARTCHAR 220A
ENCODING 8714
SWIDTH 500 0
DWIDTH 5 0
BBX 4 4 1 1
BITMAP
F0
80
F0
F0
ENDCHAR
STARTCHAR 220B
ENCODING 8715
SWIDTH 600 0
DWIDTH 6 0
BBX 5 6 1 0
BITMAP
F0
08
08
F8
08
F0
ENDCHAR
STARTCHAR 220C
ENCODING 8716
SWIDTH 600 0
DWIDTH 6 0
BBX 5 8 1 -1
BITMAP
10
F0
28
28
F8
48
F0
80
ENDCHAR
STARTCHAR 220D
ENCODING 8717
SWIDTH 500 0
DWIDTH 5 0
BBX 4 4 1 1
BITMAP
E0
10
F0
F0
ENDCHAR
STARTCHAR 220E
ENCODING 8718
SWIDTH 500 0
DWIDTH 5 0
BBX 4 7 1 0
BITMAP
F0
F0
F0
F0
F0
F0
F0
ENDCHAR
STARTCHAR 220F
ENCODING 8719
SWIDTH 900 0
DWIDTH 9 0
BBX 7 9 1 -2
BITMAP
FE
82
82
82
82
82
82
82
82
ENDCHAR
STARTCHAR 2210
ENCODING 8720
SWIDTH 900 0
DWIDTH 9 0
BBX 7 9 1 -2
BITMAP
82
82
82
82
82
82
82
82
FE
ENDCHAR
STARTCHAR 2211
ENCODING 8721
SWIDTH 800 0
DWIDTH 8 0
BBX 7 9 1 -2
BITMAP
FE
40
40
20
10
20
40
40
FE
ENDCHAR
STARTCHAR 2212
ENCODING 8722
SWIDTH 500 0
DWIDTH 5 0
BBX 4 1 1 2
BITMAP
F0
ENDCHAR
STARTCHAR 2213
ENCODING 8723
SWIDTH 500 0
DWIDTH 5 0
BBX 4 5 1 0
BITMAP
F0
40
F0
40
40
ENDCHAR
STARTCHAR 2214
ENCODING 8724
SWIDTH 500 0
DWIDTH 5 0
BBX 4 7 1 0
BITMAP
40
00
40
40
F0
40
40
ENDCHAR
STARTCHAR 2215
ENCODING 8725
SWIDTH 400 0
DWIDTH 4 0
BBX 2 8 1 -2
BITMAP
40
40
40
40
80
80
80
80
ENDCHAR
STARTCHAR 2216
ENCODING 8726
SWIDTH 400 0
DWIDTH 4 0
BBX 2 8 1 -2
BITMAP
80
80
80
80
80
40
40
40
ENDCHAR
STARTCHAR 2217
ENCODING 8727
SWIDTH 400 0
DWIDTH 4 0
BBX 3 4 1 1
BITMAP
40
E0
C0
60
ENDCHAR
STARTCHAR 2218
ENCODING 8728
SWIDTH 300 0
DWIDTH 3 0
BBX 2 3 1 1
BITMAP
C0
C0
80
ENDCHAR
STARTCHAR 2219
ENCODING 8729
SWIDTH 200 0
DWIDTH 2 0
BBX 1 2 1 2
BITMAP
80
80
ENDCHAR
STARTCHAR 221A
ENCODING 8730
SWIDTH 600 0
DWIDTH 6 0
BBX 6 11 1 0
BITMAP
04
04
08
08
08
10
90
90
60
60
20
ENDCHAR
STARTCHAR 221B
ENCODING 8731
SWIDTH 600 0
DWIDTH 6 0
BBX 6 11 1 0
BITMAP
04
04
68
48
28
50
90
90
60
60
20
ENDCHAR
STARTCHAR 221C
ENCODING 8732
SWIDTH 600 0
DWIDTH 6 0
BBX 6 11 1 0
BITMAP
04
04
48
C8
E8
10
90
90
60
60
20
ENDCHAR
STARTCHAR 221D
ENCODING 8733
SWIDTH 500 0
DWIDTH 5 0
BBX 4 3 1 1
BITMAP
E0
A0
D0
ENDCHAR
STARTCHAR 221E
ENCODING 8734
SWIDTH 900 0
DWIDTH 9 0
BBX 8 5 1 0
BITMAP
66
99
91
91
EE
ENDCHAR
STARTCHAR 221F
ENCODING 8735
SWIDTH 600 0
DWIDTH 6 0
BBX 5 5 1 1
BITMAP
80
80
80
80
F8
ENDCHAR
STARTCHAR 2220
ENCODING 8736
SWIDTH 600 0
DWIDTH 6 0
BBX 5 5 1 0
BITMAP
10
20
40
80
F8
ENDCHAR
STARTCHAR 2221
ENCODING 8737
SWIDTH 600 0
DWIDTH 6 0
BBX 5 6 1 -1
BITMAP
10
60
60
90
F8
10
ENDCHAR
STARTCHAR 2222
ENCODING 8738
SWIDTH 500 0
DWIDTH 5 0
BBX 4 5 1 0
BITMAP
30
60
A0
60
10
ENDCHAR
STARTCHAR 2223
ENCODING 8739
SWIDTH 100 0
DWIDTH 1 0
BBX 1 8 0 -2
BITMAP
80
80
80
80
80
80
80
80
ENDCHAR
STARTCHAR 2224
ENCODING 8740
SWIDTH 400 0
DWIDTH 4 0
BBX 2 9 1 -2
BITMAP
40
40
40
40
C0
40
40
40
40
ENDCHAR
STARTCHAR 2225
ENCODING 8741
SWIDTH 300 0
DWIDTH 3 0
BBX 2 9 1 -2
BITMAP
C0
C0
C0
C0
C0
C0
C0
C0
40
ENDCHAR
STARTCHAR 2226
ENCODING 8742
SWIDTH 600 0
DWIDTH 6 0
BBX 4 9 1 -2
BITMAP
60
60
50
60
60
E0
60
60
40
ENDCHAR
STARTCHAR 2227
ENCODING 8743
SWIDTH 700 0
DWIDTH 7 0
BBX 5 6 1 0
BITMAP
20
60
50
50
88
88
ENDCHAR
STARTCHAR 2228
ENCODING 8744
SWIDTH 700 0
DWIDTH 7 0
BBX 5 5 1 1
BITMAP
88
88
50
50
20
ENDCHAR
STARTCHAR 2229
ENCODING 8745
SWIDTH 600 0
DWIDTH 6 0
BBX 6 7 0 0
BITMAP
30
4C
84
84
84
84
84
ENDCHAR
STARTCHAR 222A
ENCODING 8746
SWIDTH 600 0
DWIDTH 6 0
BBX 6 7 0 0
BITMAP
80
84
84
84
84
44
38
ENDCHAR
STARTCHAR 222B
ENCODING 8747
SWIDTH 800 0
DWIDTH 8 0
BBX 7 11 1 -2
BITMAP
0E
08
10
10
10
10
20
20
20
20
C0
ENDCHAR
STARTCHAR 222C
ENCODING 8748
SWIDTH 1100 0
DWIDTH 11 0
BBX 10 11 1 -2
BITMAP
0EC0
0900
1100
1200
1200
1200
2200
2200
2400
2400
DC00
ENDCHAR
STARTCHAR 222D
ENCODING 8749
SWIDTH 1500 0
DWIDTH 15 0
BBX 14 11 1 -2
BITMAP
0EDC
0920
1120
1220
1220
1240
2240
2240
2440
2440
DD80
ENDCHAR
STARTCHAR 222E
ENCODING 8750
SWIDTH 800 0
DWIDTH 8 0
BBX 7 11 1 -2
BITMAP
0E
08
10
10
78
58
68
30
20
20
C0
ENDCHAR
STARTCHAR 222F
ENCODING 8751
SWIDTH 1100 0
DWIDTH 11 0
BBX 10 11 1 -2
BITMAP
0EC0
0900
1100
1200
3F00
5300
6300
3E00
2400
2400
DC00
ENDCHAR
STARTCHAR 2230
ENCODING 8752
SWIDTH 1500 0
DWIDTH 15 0
BBX 14 11 1 -2
BITMAP
0EDC
0920
1120
1220
3FE0
5250
2260
3FC0
2440
2440
DD80
ENDCHAR
STARTCHAR 2231
ENCODING 8753
SWIDTH 800 0
DWIDTH 8 0
BBX 7 11 1 -2
BITMAP
0E
08
10
10
30
5C
20
20
20
20
C0
ENDCHAR
STARTCHAR 2232
ENCODING 8754
SWIDTH 800 0
DWIDTH 8 0
BBX 7 11 1 -2
BITMAP
0E
08
10
10
78
58
68
30
20
20
C0
ENDCHAR
STARTCHAR 2233
ENCODING 8755
SWIDTH 800 0
DWIDTH 8 0
BBX 7 11 1 -2
BITMAP
0E
08
10
10
78
5C
68
30
20
20
C0
ENDCHAR
STARTCHAR 2234
ENCODING 8756
SWIDTH 500 0
DWIDTH 5 0
BBX 4 5 1 0
BITMAP
40
00
00
90
10
ENDCHAR
STARTCHAR 2235
ENCODING 8757
SWIDTH 500 0
DWIDTH 5 0
BBX 4 4 1 0
BITMAP
90
00
00
40
ENDCHAR
STARTCHAR 2236
ENCODING 8758
SWIDTH 200 0
DWIDTH 2 0
BBX 1 4 1 0
BITMAP
80
00
00
80
ENDCHAR
STARTCHAR 2237
ENCODING 8759
SWIDTH 500 0
DWIDTH 5 0
BBX 4 4 1 0
BITMAP
90
00
00
90
ENDCHAR
STARTCHAR 2238
ENCODING 8760
SWIDTH 500 0
DWIDTH 5 0
BBX 4 3 1 2
BITMAP
40
00
F0
ENDCHAR
STARTCHAR 2239
ENCODING 8761
SWIDTH 600 0
DWIDTH 6 0
BBX 5 3 1 1
BITMAP
08
E0
08
ENDCHAR
STARTCHAR 223A
ENCODING 8762
SWIDTH 500 0
DWIDTH 5 0
BBX 4 4 1 0
BITMAP
90
00
F0
90
ENDCHAR
STARTCHAR 223B
ENCODING 8763
SWIDTH 500 0
DWIDTH 5 0
BBX 4 4 1 1
BITMAP
40
00
F0
40
ENDCHAR
STARTCHAR 223C
ENCODING 8764
SWIDTH 500 0
DWIDTH 5 0
BBX 4 1 1 2
BITMAP
F0
ENDCHAR
STARTCHAR 223D
ENCODING 8765
SWIDTH 500 0
DWIDTH 5 0
BBX 4 1 1 2
BITMAP
F0
ENDCHAR
STARTCHAR 223E
ENCODING 8766
SWIDTH 600 0
DWIDTH 6 0
BBX 5 3 1 1
BITMAP
C8
A8
98
ENDCHAR
STARTCHAR 223F
ENCODING 8767
SWIDTH 600 0
DWIDTH 6 0
BBX 5 5 1 0
BITMAP
C0
A0
28
28
18
ENDCHAR
STARTCHAR 2240
ENCODING 8768
SWIDTH 200 0
DWIDTH 2 0
BBX 1 5 1 0
BITMAP
80
80
80
80
80
ENDCHAR
STARTCHAR 2241
ENCODING 8769
SWIDTH 500 0
DWIDTH 5 0
BBX 4 4 1 1
BITMAP
20
20
F0
40
ENDCHAR
STARTCHAR 2242
ENCODING 8770
SWIDTH 500 0
DWIDTH 5 0
BBX 4 3 1 1
BITMAP
F0
C0
30
ENDCHAR
STARTCHAR 2243
ENCODING 8771
SWIDTH 500 0
DWIDTH 5 0
BBX 4 3 1 1
BITMAP
F0
00
F0
ENDCHAR
STARTCHAR 2244
ENCODING 8772
SWIDTH 500 0
DWIDTH 5 0
BBX 4 5 1 0
BITMAP
20
F0
40
F0
80
ENDCHAR
STARTCHAR 2245
ENCODING 8773
SWIDTH 500 0
DWIDTH 5 0
BBX 4 4 1 1
BITMAP
C0
30
F0
F0
ENDCHAR
STARTCHAR 2246
ENCODING 8774
SWIDTH 500 0
DWIDTH 5 0
BBX 4 5 1 -1
BITMAP
C0
30
F0
40
F0
ENDCHAR
STARTCHAR 2247
ENCODING 8775
SWIDTH 500 0
DWIDTH 5 0
BBX 4 5 1 0
BITMAP
E0
30
F0
40
B0
ENDCHAR
STARTCHAR 2248
ENCODING 8776
SWIDTH 500 0
DWIDTH 5 0
BBX 4 3 1 1
BITMAP
F0
00
F0
ENDCHAR
STARTCHAR 2249
ENCODING 8777
SWIDTH 500 0
DWIDTH 5 0
BBX 4 4 1 0
BITMAP
20
F0
40
F0
ENDCHAR
STARTCHAR 224A
ENCODING 8778
SWIDTH 500 0
DWIDTH 5 0
BBX 4 4 1 1
BITMAP
C0
30
F0
F0
ENDCHAR
STARTCHAR 224B
ENCODING 8779
SWIDTH 500 0
DWIDTH 5 0
BBX 4 4 1 1
BITMAP
F0
00
F0
F0
ENDCHAR
STARTCHAR 224C
ENCODING 8780
SWIDTH 500 0
DWIDTH 5 0
BBX 4 4 1 1
BITMAP
30
C0
F0
F0
ENDCHAR
STARTCHAR 224D
ENCODING 8781
SWIDTH 500 0
DWIDTH 5 0
BBX 4 3 1 1
BITMAP
F0
00
F0
ENDCHAR
STARTCHAR 224E
ENCODING 8782
SWIDTH 500 0
DWIDTH 5 0
BBX 4 6 1 0
BITMAP
40
A0
90
00
90
60
ENDCHAR
STARTCHAR 224F
ENCODING 8783
SWIDTH 500 0
DWIDTH 5 0
BBX 4 5 1 1
BITMAP
40
A0
90
00
F0
ENDCHAR
STARTCHAR 2250
ENCODING 8784
SWIDTH 500 0
DWIDTH 5 0
BBX 4 5 1 1
BITMAP
40
00
F0
00
F0
ENDCHAR
STARTCHAR 2251
ENCODING 8785
SWIDTH 500 0
DWIDTH 5 0
BBX 4 6 1 -1
BITMAP
40
00
F0
00
F0
40
ENDCHAR
STARTCHAR 2252
ENCODING 8786
SWIDTH 500 0
DWIDTH 5 0
BBX 4 6 1 -1
BITMAP
80
00
F0
00
F0
10
ENDCHAR
STARTCHAR 2253
ENCODING 8787
SWIDTH 500 0
DWIDTH 5 0
BBX 4 6 1 -1
BITMAP
10
00
F0
00
F0
80
ENDCHAR
STARTCHAR 2254
ENCODING 8788
SWIDTH 600 0
DWIDTH 6 0
BBX 5 3 1 1
BITMAP
F8
00
F8
ENDCHAR
STARTCHAR 2255
ENCODING 8789
SWIDTH 600 0
DWIDTH 6 0
BBX 5 3 1 1
BITMAP
F8
00
F8
ENDCHAR
STARTCHAR 2256
ENCODING 8790
SWIDTH 500 0
DWIDTH 5 0
BBX 4 3 1 1
BITMAP
F0
A0
F0
ENDCHAR
STARTCHAR 2257
ENCODING 8791
SWIDTH 500 0
DWIDTH 5 0
BBX 4 6 1 1
BITMAP
60
A0
40
F0
00
F0
ENDCHAR
STARTCHAR 2258
ENCODING 8792
SWIDTH 500 0
DWIDTH 5 0
BBX 4 5 1 1
BITMAP
F0
00
F0
00
F0
ENDCHAR
STARTCHAR 2259
ENCODING 8793
SWIDTH 500 0
DWIDTH 5 0
BBX 4 7 1 1
BITMAP
40
60
A0
00
F0
00
F0
ENDCHAR
STARTCHAR 225A
ENCODING 8794
SWIDTH 500 0
DWIDTH 5 0
BBX 4 7 1 0
BITMAP
90
A0
60
00
F0
00
F0
ENDCHAR
STARTCHAR 225B
ENCODING 8795
SWIDTH 500 0
DWIDTH 5 0
BBX 4 6 1 2
BITMAP
60
60
00
F0
00
F0
ENDCHAR
STARTCHAR 225C
ENCODING 8796
SWIDTH 500 0
DWIDTH 5 0
BBX 4 6 1 2
BITMAP
60
A0
40
F0
00
F0
ENDCHAR
STARTCHAR 225D
ENCODING 8797
SWIDTH 500 0
DWIDTH 5 0
BBX 4 6 1 1
BITMAP
B0
D0
00
F0
00
F0
ENDCHAR
STARTCHAR 225E
ENCODING 8798
SWIDTH 500 0
DWIDTH 5 0
BBX 4 6 1 1
BITMAP
60
00
00
F0
00
F0
ENDCHAR
STARTCHAR 225F
ENCODING 8799
SWIDTH 500 0
DWIDTH 5 0
BBX 4 6 1 1
BITMAP
20
00
00
F0
00
F0
ENDCHAR
STARTCHAR 2260
ENCODING 8800
SWIDTH 500 0
DWIDTH 5 0
BBX 4 4 1 0
BITMAP
20
F0
40
F0
ENDCHAR
STARTCHAR 2261
ENCODING 8801
SWIDTH 500 0
DWIDTH 5 0
BBX 4 4 1 1
BITMAP
F0
00
F0
F0
ENDCHAR
STARTCHAR 2262
ENCODING 8802
SWIDTH 500 0
DWIDTH 5 0
BBX 4 5 1 1
BITMAP
F0
40
F0
40
B0
ENDCHAR
STARTCHAR 2263
ENCODING 8803
SWIDTH 500 0
DWIDTH 5 0
BBX 4 6 1 0
BITMAP
F0
00
F0
00
F0
F0
ENDCHAR
STARTCHAR 2264
ENCODING 8804
SWIDTH 500 0
DWIDTH 5 0
BBX 4 5 1 1
BITMAP
30
C0
C0
30
F0
ENDCHAR
STARTCHAR 2265
ENCODING 8805
SWIDTH 500 0
DWIDTH 5 0
BBX 4 5 1 1
BITMAP
C0
30
20
C0
F0
ENDCHAR
STARTCHAR 2266
ENCODING 8806
SWIDTH 500 0
DWIDTH 5 0
BBX 4 6 1 0
BITMAP
10
E0
C0
30
F0
F0
ENDCHAR
STARTCHAR 2267
ENCODING 8807
SWIDTH 500 0
DWIDTH 5 0
BBX 4 6 1 0
BITMAP
80
70
60
80
F0
F0
ENDCHAR
STARTCHAR 2268
ENCODING 8808
SWIDTH 500 0
DWIDTH 5 0
BBX 4 7 1 -1
BITMAP
10
E0
C0
30
F0
40
F0
ENDCHAR
STARTCHAR 2269
ENCODING 8809
SWIDTH 500 0
DWIDTH 5 0
BBX 4 7 1 -1
BITMAP
80
70
60
80
F0
40
F0
ENDCHAR
STARTCHAR 226A
ENCODING 8810
SWIDTH 800 0
DWIDTH 8 0
BBX 8 5 0 0
BITMAP
1B
6C
C8
36
09
ENDCHAR
STARTCHAR 226B
ENCODING 8811
SWIDTH 800 0
DWIDTH 8 0
BBX 8 5 0 0
BITMAP
C8
36
1B
64
88
ENDCHAR
STARTCHAR 226C
ENCODING 8812
SWIDTH 300 0
DWIDTH 3 0
BBX 2 8 1 -1
BITMAP
40
80
C0
C0
C0
C0
80
80
ENDCHAR
STARTCHAR 226D
ENCODING 8813
SWIDTH 500 0
DWIDTH 5 0
BBX 4 4 1 1
BITMAP
20
F0
40
F0
ENDCHAR
STARTCHAR 226E
ENCODING 8814
SWIDTH 500 0
DWIDTH 5 0
BBX 5 7 0 -1
BITMAP
10
10
18
20
E0
30
48
ENDCHAR
STARTCHAR 226F
ENCODING 8815
SWIDTH 500 0
DWIDTH 5 0
BBX 4 8 1 -1
BITMAP
20
20
C0
60
50
E0
80
80
ENDCHAR
STARTCHAR 2270
ENCODING 8816
SWIDTH 500 0
DWIDTH 5 0
BBX 4 8 1 -2
BITMAP
20
20
30
C0
C0
70
40
B0
ENDCHAR
STARTCHAR 2271
ENCODING 8817
SWIDTH 500 0
DWIDTH 5 0
BBX 4 8 1 -1
BITMAP
20
20
C0
70
60
C0
80
F0
ENDCHAR
STARTCHAR 2272
ENCODING 8818
SWIDTH 500 0
DWIDTH 5 0
BBX 4 5 1 1
BITMAP
70
80
70
00
F0
ENDCHAR
STARTCHAR 2273
ENCODING 8819
SWIDTH 500 0
DWIDTH 5 0
BBX 4 5 1 1
BITMAP
E0
10
E0
00
F0
ENDCHAR
STARTCHAR 2274
ENCODING 8820
SWIDTH 500 0
DWIDTH 5 0
BBX 4 7 1 -1
BITMAP
20
70
A0
70
40
F0
40
ENDCHAR
STARTCHAR 2275
ENCODING 8821
SWIDTH 500 0
DWIDTH 5 0
BBX 4 8 1 -1
BITMAP
20
20
E0
50
E0
40
F0
80
ENDCHAR
STARTCHAR 2276
ENCODING 8822
SWIDTH 500 0
DWIDTH 5 0
BBX 4 7 1 -1
BITMAP
30
C0
60
90
70
60
80
ENDCHAR
STARTCHAR 2277
ENCODING 8823
SWIDTH 500 0
DWIDTH 5 0
BBX 4 7 1 -1
BITMAP
C0
30
60
B0
C0
60
10
ENDCHAR
STARTCHAR 2278
ENCODING 8824
SWIDTH 500 0
DWIDTH 5 0
BBX 4 7 1 0
BITMAP
30
E0
60
D0
70
60
C0
ENDCHAR
STARTCHAR 2279
ENCODING 8825
SWIDTH 500 0
DWIDTH 5 0
BBX 4 7 1 0
BITMAP
E0
30
60
F0
C0
60
90
ENDCHAR
STARTCHAR 227A
ENCODING 8826
SWIDTH 500 0
DWIDTH 5 0
BBX 4 4 1 0
BITMAP
10
60
C0
20
ENDCHAR
STARTCHAR 227B
ENCODING 8827
SWIDTH 500 0
DWIDTH 5 0
BBX 4 4 1 0
BITMAP
80
40
30
C0
ENDCHAR
STARTCHAR 227C
ENCODING 8828
SWIDTH 500 0
DWIDTH 5 0
BBX 4 6 1 -1
BITMAP
10
60
C0
30
C0
30
ENDCHAR
STARTCHAR 227D
ENCODING 8829
SWIDTH 500 0
DWIDTH 5 0
BBX 3 6 1 -1
BITMAP
80
60
60
80
60
80
ENDCHAR
STARTCHAR 227E
ENCODING 8830
SWIDTH 500 0
DWIDTH 5 0
BBX 4 5 1 1
BITMAP
30
C0
70
00
F0
ENDCHAR
STARTCHAR 227F
ENCODING 8831
SWIDTH 500 0
DWIDTH 5 0
BBX 4 5 1 1
BITMAP
80
70
C0
00
F0
ENDCHAR
STARTCHAR 2280
ENCODING 8832
SWIDTH 500 0
DWIDTH 5 0
BBX 4 6 1 0
BITMAP
20
30
60
C0
60
40
ENDCHAR
STARTCHAR 2281
ENCODING 8833
SWIDTH 500 0
DWIDTH 5 0
BBX 4 6 1 0
BITMAP
20
C0
40
70
80
80
ENDCHAR
STARTCHAR 2282
ENCODING 8834
SWIDTH 600 0
DWIDTH 6 0
BBX 5 6 1 0
BITMAP
78
80
80
80
80
F8
ENDCHAR
STARTCHAR 2283
ENCODING 8835
SWIDTH 600 0
DWIDTH 6 0
BBX 5 6 1 0
BITMAP
F0
08
08
08
08
F8
ENDCHAR
STARTCHAR 2284
ENCODING 8836
SWIDTH 600 0
DWIDTH 6 0
BBX 5 8 1 -1
BITMAP
08
78
90
90
90
A0
F8
40
ENDCHAR
STARTCHAR 2285
ENCODING 8837
SWIDTH 600 0
DWIDTH 6 0
BBX 5 7 1 0
BITMAP
F0
28
48
48
48
F8
80
ENDCHAR
STARTCHAR 2286
ENCODING 8838
SWIDTH 600 0
DWIDTH 6 0
BBX 5 7 1 -1
BITMAP
F8
80
80
80
80
78
F8
ENDCHAR
STARTCHAR 2287
ENCODING 8839
SWIDTH 600 0
DWIDTH 6 0
BBX 5 7 1 -1
BITMAP
F8
08
08
08
08
F0
F8
ENDCHAR
STARTCHAR 2288
ENCODING 8840
SWIDTH 600 0
DWIDTH 6 0
BBX 5 8 1 -1
BITMAP
08
F0
90
A0
A0
A0
58
F8
ENDCHAR
STARTCHAR 2289
ENCODING 8841
SWIDTH 600 0
DWIDTH 6 0
BBX 5 9 1 -1
BITMAP
10
F8
28
28
48
48
F0
F8
80
ENDCHAR
STARTCHAR 228A
ENCODING 8842
SWIDTH 600 0
DWIDTH 6 0
BBX 5 7 1 -2
BITMAP
F8
80
80
80
80
78
F8
ENDCHAR
STARTCHAR 228B
ENCODING 8843
SWIDTH 600 0
DWIDTH 6 0
BBX 5 8 1 -2
BITMAP
F8
08
08
08
08
F0
F8
40
ENDCHAR
STARTCHAR 228C
ENCODING 8844
SWIDTH 600 0
DWIDTH 6 0
BBX 5 7 1 0
BITMAP
08
88
88
E8
88
88
F0
ENDCHAR
STARTCHAR 228D
ENCODING 8845
SWIDTH 600 0
DWIDTH 6 0
BBX 5 7 1 0
BITMAP
08
88
88
E8
88
88
F0
ENDCHAR
STARTCHAR 228E
ENCODING 8846
SWIDTH 600 0
DWIDTH 6 0
BBX 5 7 1 0
BITMAP
08
88
88
E8
88
88
F0
ENDCHAR
STARTCHAR 228F
ENCODING 8847
SWIDTH 500 0
DWIDTH 5 0
BBX 4 5 1 0
BITMAP
F0
80
80
80
F0
ENDCHAR
STARTCHAR 2290
ENCODING 8848
SWIDTH 500 0
DWIDTH 5 0
BBX 4 5 1 0
BITMAP
F0
10
10
10
F0
ENDCHAR
STARTCHAR 2291
ENCODING 8849
SWIDTH 500 0
DWIDTH 5 0
BBX 4 7 1 -1
BITMAP
F0
80
80
80
F0
00
F0
ENDCHAR
STARTCHAR 2292
ENCODING 8850
SWIDTH 500 0
DWIDTH 5 0
BBX 4 7 1 -1
BITMAP
F0
10
10
10
F0
00
F0
ENDCHAR
STARTCHAR 2293
ENCODING 8851
SWIDTH 600 0
DWIDTH 6 0
BBX 5 5 1 0
BITMAP
F8
88
88
88
08
ENDCHAR
STARTCHAR 2294
ENCODING 8852
SWIDTH 600 0
DWIDTH 6 0
BBX 5 5 1 0
BITMAP
88
88
88
88
F8
ENDCHAR
STARTCHAR 2295
ENCODING 8853
SWIDTH 800 0
DWIDTH 8 0
BBX 7 7 1 -1
BITMAP
7C
94
92
FE
92
94
78
ENDCHAR
STARTCHAR 2296
ENCODING 8854
SWIDTH 800 0
DWIDTH 8 0
BBX 7 7 1 -1
BITMAP
7C
84
82
FE
82
84
78
ENDCHAR
STARTCHAR 2297
ENCODING 8855
SWIDTH 800 0
DWIDTH 8 0
BBX 7 7 1 -1
BITMAP
7C
CC
B2
B2
CA
84
78
ENDCHAR
STARTCHAR 2298
ENCODING 8856
SWIDTH 800 0
DWIDTH 8 0
BBX 7 7 1 -1
BITMAP
7C
8C
92
A2
C2
84
78
ENDCHAR
STARTCHAR 2299
ENCODING 8857
SWIDTH 800 0
DWIDTH 8 0
BBX 7 7 1 -1
BITMAP
7C
84
82
B2
82
84
78
ENDCHAR
STARTCHAR 229A
ENCODING 8858
SWIDTH 800 0
DWIDTH 8 0
BBX 7 7 1 -1
BITMAP
7C
84
B2
B2
82
84
78
ENDCHAR
STARTCHAR 229B
ENCODING 8859
SWIDTH 800 0
DWIDTH 8 0
BBX 7 7 1 -1
BITMAP
7C
94
EA
B2
92
84
78
ENDCHAR
STARTCHAR 229C
ENCODING 8860
SWIDTH 800 0
DWIDTH 8 0
BBX 7 7 1 -1
BITMAP
7C
84
FA
82
BA
84
78
ENDCHAR
STARTCHAR 229D
ENCODING 8861
SWIDTH 800 0
DWIDTH 8 0
BBX 7 7 1 -1
BITMAP
7C
84
82
FA
82
84
78
ENDCHAR
STARTCHAR 229E
ENCODING 8862
SWIDTH 700 0
DWIDTH 7 0
BBX 6 7 1 -1
BITMAP
FC
A4
A4
FC
A4
A4
FC
ENDCHAR
STARTCHAR 229F
ENCODING 8863
SWIDTH 700 0
DWIDTH 7 0
BBX 6 7 1 -1
BITMAP
FC
84
84
FC
84
84
FC
ENDCHAR
STARTCHAR 22A0
ENCODING 8864
SWIDTH 700 0
DWIDTH 7 0
BBX 6 7 1 -1
BITMAP
FC
CC
B4
B4
CC
84
FC
ENDCHAR
STARTCHAR 22A1
ENCODING 8865
SWIDTH 700 0
DWIDTH 7 0
BBX 6 7 1 -1
BITMAP
FC
84
84
B4
84
84
FC
ENDCHAR
STARTCHAR 22A2
ENCODING 8866
SWIDTH 700 0
DWIDTH 7 0
BBX 6 6 1 1
BITMAP
80
80
FC
80
80
80
ENDCHAR
STARTCHAR 22A3
ENCODING 8867
SWIDTH 700 0
DWIDTH 7 0
BBX 6 7 1 0
BITMAP
04
04
04
FC
04
04
04
ENDCHAR
STARTCHAR 22A4
ENCODING 8868
SWIDTH 700 0
DWIDTH 7 0
BBX 6 7 1 0
BITMAP
FC
20
20
20
20
20
20
ENDCHAR
STARTCHAR 22A5
ENCODING 8869
SWIDTH 700 0
DWIDTH 7 0
BBX 6 7 1 0
BITMAP
20
20
20
20
20
20
FC
ENDCHAR
STARTCHAR 22A6
ENCODING 8870
SWIDTH 400 0
DWIDTH 4 0
BBX 3 6 1 1
BITMAP
80
80
E0
80
80
80
ENDCHAR
STARTCHAR 22A7
ENCODING 8871
SWIDTH 400 0
DWIDTH 4 0
BBX 3 6 1 -1
BITMAP
80
80
E0
80
E0
80
ENDCHAR
STARTCHAR 22A8
ENCODING 8872
SWIDTH 700 0
DWIDTH 7 0
BBX 6 6 1 1
BITMAP
80
FC
80
80
FC
80
ENDCHAR
STARTCHAR 22A9
ENCODING 8873
SWIDTH 800 0
DWIDTH 8 0
BBX 7 7 1 0
BITMAP
40
C0
C0
FE
C0
C0
C0
ENDCHAR
STARTCHAR 22AA
ENCODING 8874
SWIDTH 800 0
DWIDTH 8 0
BBX 7 7 1 0
BITMAP
50
D0
D0
DE
D0
D0
D0
ENDCHAR
STARTCHAR 22AB
ENCODING 8875
SWIDTH 800 0
DWIDTH 8 0
BBX 7 7 1 0
BITMAP
40
C0
FE
C0
C0
FC
40
ENDCHAR
STARTCHAR 22AC
ENCODING 8876
SWIDTH 700 0
DWIDTH 7 0
BBX 6 6 1 1
BITMAP
90
90
FC
A0
A0
C0
ENDCHAR
STARTCHAR 22AD
ENCODING 8877
SWIDTH 700 0
DWIDTH 7 0
BBX 6 6 1 1
BITMAP
90
FC
A0
A0
FC
C0
ENDCHAR
STARTCHAR 22AE
ENCODING 8878
SWIDTH 800 0
DWIDTH 8 0
BBX 7 7 1 0
BITMAP
44
C4
C8
FE
D0
D0
D0
ENDCHAR
STARTCHAR 22AF
ENCODING 8879
SWIDTH 800 0
DWIDTH 8 0
BBX 7 7 1 0
BITMAP
44
C4
FE
C8
C8
F4
50
ENDCHAR
STARTCHAR 22B0
ENCODING 8880
SWIDTH 500 0
DWIDTH 5 0
BBX 4 6 1 0
BITMAP
10
30
30
E0
10
30
ENDCHAR
STARTCHAR 22B1
ENCODING 8881
SWIDTH 500 0
DWIDTH 5 0
BBX 4 6 1 0
BITMAP
80
80
80
70
80
C0
ENDCHAR
STARTCHAR 22B2
ENCODING 8882
SWIDTH 500 0
DWIDTH 5 0
BBX 4 3 1 2
BITMAP
70
D0
30
ENDCHAR
STARTCHAR 22B3
ENCODING 8883
SWIDTH 500 0
DWIDTH 5 0
BBX 4 3 1 2
BITMAP
E0
B0
C0
ENDCHAR
STARTCHAR 22B4
ENCODING 8884
SWIDTH 500 0
DWIDTH 5 0
BBX 4 5 1 0
BITMAP
30
D0
70
00
F0
ENDCHAR
STARTCHAR 22B5
ENCODING 8885
SWIDTH 500 0
DWIDTH 5 0
BBX 4 5 1 0
BITMAP
C0
B0
E0
00
F0
ENDCHAR
STARTCHAR 22B6
ENCODING 8886
SWIDTH 900 0
DWIDTH 9 0
BBX 8 3 1 1
BITMAP
C6
BF
C2
ENDCHAR
STARTCHAR 22B7
ENCODING 8887
SWIDTH 900 0
DWIDTH 9 0
BBX 8 3 1 1
BITMAP
C6
FD
82
ENDCHAR
STARTCHAR 22B8
ENCODING 8888
SWIDTH 700 0
DWIDTH 7 0
BBX 6 3 1 1
BITMAP
0C
F4
0C
ENDCHAR
STARTCHAR 22B9
ENCODING 8889
SWIDTH 500 0
DWIDTH 5 0
BBX 4 5 1 0
BITMAP
40
00
90
40
40
ENDCHAR
STARTCHAR 22BA
ENCODING 8890
SWIDTH 500 0
DWIDTH 5 0
BBX 4 7 1 0
BITMAP
F0
40
40
40
40
40
40
ENDCHAR
STARTCHAR 22BB
ENCODING 8891
SWIDTH 500 0
DWIDTH 5 0
BBX 4 6 1 0
BITMAP
10
90
A0
60
00
F0
ENDCHAR
STARTCHAR 22BC
ENCODING 8892
SWIDTH 500 0
DWIDTH 5 0
BBX 4 6 1 0
BITMAP
F0
00
60
A0
A0
90
ENDCHAR
STARTCHAR 22BD
ENCODING 8893
SWIDTH 500 0
DWIDTH 5 0
BBX 4 6 1 0
BITMAP
F0
00
90
A0
60
40
ENDCHAR
STARTCHAR 22BE
ENCODING 8894
SWIDTH 600 0
DWIDTH 6 0
BBX 5 5 1 1
BITMAP
80
80
C0
A0
F8
ENDCHAR
STARTCHAR 22BF
ENCODING 8895
SWIDTH 700 0
DWIDTH 7 0
BBX 6 6 1 0
BITMAP
04
0C
14
24
44
FC
ENDCHAR
STARTCHAR 22C0
ENCODING 8896
SWIDTH 900 0
DWIDTH 9 0
BBX 7 9 1 -2
BITMAP
10
28
28
28
44
44
82
82
82
ENDCHAR
STARTCHAR 22C1
ENCODING 8897
SWIDTH 900 0
DWIDTH 9 0
BBX 7 9 1 -2
BITMAP
82
82
82
44
44
28
28
28
10
ENDCHAR
STARTCHAR 22C2
ENCODING 8898
SWIDTH 700 0
DWIDTH 7 0
BBX 6 9 1 -2
BITMAP
78
84
84
84
84
84
84
84
84
ENDCHAR
STARTCHAR 22C3
ENCODING 8899
SWIDTH 700 0
DWIDTH 7 0
BBX 6 9 1 -2
BITMAP
84
84
84
84
84
84
84
84
F8
ENDCHAR
STARTCHAR 22C4
ENCODING 8900
SWIDTH 500 0
DWIDTH 5 0
BBX 4 4 1 0
BITMAP
60
90
90
60
ENDCHAR
STARTCHAR 22C5
ENCODING 8901
SWIDTH 200 0
DWIDTH 2 0
BBX 1 1 1 2
BITMAP
80
ENDCHAR
STARTCHAR 22C6
ENCODING 8902
SWIDTH 400 0
DWIDTH 4 0
BBX 3 3 1 2
BITMAP
40
E0
80
ENDCHAR
STARTCHAR 22C7
ENCODING 8903
SWIDTH 500 0
DWIDTH 5 0
BBX 4 5 1 0
BITMAP
D0
60
F0
90
40
ENDCHAR
STARTCHAR 22C8
ENCODING 8904
SWIDTH 700 0
DWIDTH 7 0
BBX 6 6 1 0
BITMAP
84
8C
D4
A4
D4
8C
ENDCHAR
STARTCHAR 22C9
ENCODING 8905
SWIDTH 700 0
DWIDTH 7 0
BBX 6 6 1 -1
BITMAP
84
88
D0
A0
D0
88
ENDCHAR
STARTCHAR 22CA
ENCODING 8906
SWIDTH 700 0
DWIDTH 7 0
BBX 6 6 1 -1
BITMAP
04
8C
54
24
54
8C
ENDCHAR
STARTCHAR 22CB
ENCODING 8907
SWIDTH 700 0
DWIDTH 7 0
BBX 5 5 1 1
BITMAP
80
40
20
50
88
ENDCHAR
STARTCHAR 22CC
ENCODING 8908
SWIDTH 700 0
DWIDTH 7 0
BBX 6 6 1 0
BITMAP
04
08
10
20
50
88
ENDCHAR
STARTCHAR 22CD
ENCODING 8909
SWIDTH 500 0
DWIDTH 5 0
BBX 4 3 1 1
BITMAP
F0
00
F0
ENDCHAR
STARTCHAR 22CE
ENCODING 8910
SWIDTH 700 0
DWIDTH 7 0
BBX 6 6 1 0
BITMAP
04
88
50
50
20
20
ENDCHAR
STARTCHAR 22CF
ENCODING 8911
SWIDTH 700 0
DWIDTH 7 0
BBX 5 6 1 0
BITMAP
20
20
50
50
88
88
ENDCHAR
STARTCHAR 22D0
ENCODING 8912
SWIDTH 600 0
DWIDTH 6 0
BBX 5 6 1 0
BITMAP
78
80
F8
C0
B8
78
ENDCHAR
STARTCHAR 22D1
ENCODING 8913
SWIDTH 600 0
DWIDTH 6 0
BBX 5 6 1 0
BITMAP
F0
08
F8
18
E8
F0
ENDCHAR
STARTCHAR 22D2
ENCODING 8914
SWIDTH 600 0
DWIDTH 6 0
BBX 5 6 1 0
BITMAP
70
88
F8
D8
D8
D8
ENDCHAR
STARTCHAR 22D3
ENCODING 8915
SWIDTH 600 0
DWIDTH 6 0
BBX 5 6 1 0
BITMAP
50
D8
D8
D8
E8
F0
ENDCHAR
STARTCHAR 22D4
ENCODING 8916
SWIDTH 600 0
DWIDTH 6 0
BBX 5 7 1 -1
BITMAP
20
70
A8
A8
A8
A8
20
ENDCHAR
STARTCHAR 22D5
ENCODING 8917
SWIDTH 500 0
DWIDTH 5 0
BBX 4 9 1 -2
BITMAP
A0
A0
A0
F0
A0
F0
A0
A0
20
ENDCHAR
STARTCHAR 22D6
ENCODING 8918
SWIDTH 500 0
DWIDTH 5 0
BBX 4 5 1 0
BITMAP
30
C0
B0
60
10
ENDCHAR
STARTCHAR 22D7
ENCODING 8919
SWIDTH 500 0
DWIDTH 5 0
BBX 4 4 1 0
BITMAP
80
60
B0
C0
ENDCHAR
STARTCHAR 22D8
ENCODING 8920
SWIDTH 1100 0
DWIDTH 11 0
BBX 10 5 1 0
BITMAP
3640
C980
9200
6D80
1240
ENDCHAR
STARTCHAR 22D9
ENCODING 8921
SWIDTH 1100 0
DWIDTH 11 0
BBX 10 5 1 0
BITMAP
9200
6D80
3640
D980
0200
ENDCHAR
STARTCHAR 22DA
ENCODING 8922
SWIDTH 500 0
DWIDTH 5 0
BBX 4 9 1 -2
BITMAP
30
C0
60
10
F0
80
70
60
80
ENDCHAR
STARTCHAR 22DB
ENCODING 8923
SWIDTH 500 0
DWIDTH 5 0
BBX 4 9 1 -2
BITMAP
C0
30
E0
00
F0
10
E0
40
30
ENDCHAR
STARTCHAR 22DC
ENCODING 8924
SWIDTH 500 0
DWIDTH 5 0
BBX 4 6 1 0
BITMAP
F0
00
30
C0
C0
30
ENDCHAR
STARTCHAR 22DD
ENCODING 8925
SWIDTH 500 0
DWIDTH 5 0
BBX 4 6 1 0
BITMAP
F0
00
C0
30
20
C0
ENDCHAR
STARTCHAR 22DE
ENCODING 8926
SWIDTH 500 0
DWIDTH 5 0
BBX 4 6 1 -1
BITMAP
10
20
D0
20
C0
30
ENDCHAR
STARTCHAR 22DF
ENCODING 8927
SWIDTH 500 0
DWIDTH 5 0
BBX 4 6 1 -1
BITMAP
80
C0
30
C0
30
C0
ENDCHAR
STARTCHAR 22E0
ENCODING 8928
SWIDTH 500 0
DWIDTH 5 0
BBX 4 8 1 -1
BITMAP
20
30
60
E0
50
C0
70
40
ENDCHAR
STARTCHAR 22E1
ENCODING 8929
SWIDTH 500 0
DWIDTH 5 0
BBX 3 7 1 -1
BITMAP
20
A0
60
60
C0
60
C0
ENDCHAR
STARTCHAR 22E2
ENCODING 8930
SWIDTH 500 0
DWIDTH 5 0
BBX 4 9 1 -1
BITMAP
10
E0
A0
A0
C0
F0
80
F0
80
ENDCHAR
STARTCHAR 22E3
ENCODING 8931
SWIDTH 500 0
DWIDTH 5 0
BBX 4 9 1 -1
BITMAP
10
F0
30
30
50
F0
80
F0
80
ENDCHAR
STARTCHAR 22E4
ENCODING 8932
SWIDTH 500 0
DWIDTH 5 0
BBX 4 7 1 -2
BITMAP
F0
80
80
80
F0
00
F0
ENDCHAR
STARTCHAR 22E5
ENCODING 8933
SWIDTH 500 0
DWIDTH 5 0
BBX 4 7 1 -2
BITMAP
F0
10
10
10
F0
00
F0
ENDCHAR
STARTCHAR 22E6
ENCODING 8934
SWIDTH 500 0
DWIDTH 5 0
BBX 4 6 1 -1
BITMAP
30
C0
60
30
F0
40
ENDCHAR
STARTCHAR 22E7
ENCODING 8935
SWIDTH 500 0
DWIDTH 5 0
BBX 4 6 1 0
BITMAP
E0
10
E0
20
F0
40
ENDCHAR
STARTCHAR 22E8
ENCODING 8936
SWIDTH 500 0
DWIDTH 5 0
BBX 4 7 1 -1
BITMAP
10
60
C0
30
20
F0
40
ENDCHAR
STARTCHAR 22E9
ENCODING 8937
SWIDTH 500 0
DWIDTH 5 0
BBX 4 6 1 0
BITMAP
80
70
C0
20
F0
40
ENDCHAR
STARTCHAR 22EA
ENCODING 8938
SWIDTH 500 0
DWIDTH 5 0
BBX 4 6 1 0
BITMAP
10
10
70
B0
70
40
ENDCHAR
STARTCHAR 22EB
ENCODING 8939
SWIDTH 500 0
DWIDTH 5 0
BBX 4 6 1 0
BITMAP
20
40
E0
F0
80
80
ENDCHAR
STARTCHAR 22EC
ENCODING 8940
SWIDTH 500 0
DWIDTH 5 0
BBX 4 8 1 -2
BITMAP
10
20
30
F0
70
40
F0
40
ENDCHAR
STARTCHAR 22ED
ENCODING 8941
SWIDTH 500 0
DWIDTH 5 0
BBX 4 8 1 -1
BITMAP
20
40
C0
F0
E0
80
F0
80
ENDCHAR
STARTCHAR 22EE
ENCODING 8942
SWIDTH 200 0
DWIDTH 2 0
BBX 1 7 1 -1
BITMAP
80
00
00
80
00
00
80
ENDCHAR
STARTCHAR 22EF
ENCODING 8943
SWIDTH 800 0
DWIDTH 8 0
BBX 7 1 1 2
BITMAP
92
ENDCHAR
STARTCHAR 22F0
ENCODING 8944
SWIDTH 800 0
DWIDTH 8 0
BBX 7 7 1 -1
BITMAP
02
00
00
10
00
00
80
ENDCHAR
STARTCHAR 22F1
ENCODING 8945
SWIDTH 800 0
DWIDTH 8 0
BBX 7 7 1 -1
BITMAP
80
00
00
10
00
00
02
ENDCHAR
STARTCHAR 22F2
ENCODING 8946
SWIDTH 800 0
DWIDTH 8 0
BBX 7 6 1 0
BITMAP
1E
60
80
FE
40
3E
ENDCHAR
STARTCHAR 22F3
ENCODING 8947
SWIDTH 600 0
DWIDTH 6 0
BBX 5 6 1 0
BITMAP
78
80
88
F8
80
78
ENDCHAR
STARTCHAR 22F4
ENCODING 8948
SWIDTH 500 0
DWIDTH 5 0
BBX 4 4 1 1
BITMAP
F0
90
F0
F0
ENDCHAR
STARTCHAR 22F5
ENCODING 8949
SWIDTH 600 0
DWIDTH 6 0
BBX 5 7 1 0
BITMAP
10
78
80
80
F8
80
78
ENDCHAR
STARTCHAR 22F6
ENCODING 8950
SWIDTH 600 0
DWIDTH 6 0
BBX 5 7 1 0
BITMAP
F8
78
80
80
F8
80
78
ENDCHAR
STARTCHAR 22F7
ENCODING 8951
SWIDTH 500 0
DWIDTH 5 0
BBX 4 5 1 1
BITMAP
70
F0
80
F0
F0
ENDCHAR
STARTCHAR 22F8
ENCODING 8952
SWIDTH 600 0
DWIDTH 6 0
BBX 5 8 1 -2
BITMAP
78
80
80
F8
80
78
00
F8
ENDCHAR
STARTCHAR 22F9
ENCODING 8953
SWIDTH 600 0
DWIDTH 6 0
BBX 5 6 1 0
BITMAP
78
80
F8
80
F8
78
ENDCHAR
STARTCHAR 22FA
ENCODING 8954
SWIDTH 800 0
DWIDTH 8 0
BBX 7 6 1 0
BITMAP
F0
08
08
FE
08
F0
ENDCHAR
STARTCHAR 22FB
ENCODING 8955
SWIDTH 600 0
DWIDTH 6 0
BBX 5 6 1 0
BITMAP
F0
08
88
F8
08
F0
ENDCHAR
STARTCHAR 22FC
ENCODING 8956
SWIDTH 500 0
DWIDTH 5 0
BBX 4 4 1 1
BITMAP
E0
10
F0
F0
ENDCHAR
STARTCHAR 22FD
ENCODING 8957
SWIDTH 600 0
DWIDTH 6 0
BBX 5 7 1 0
BITMAP
F8
F0
08
08
F8
08
F0
ENDCHAR
STARTCHAR 22FE
ENCODING 8958
SWIDTH 500 0
DWIDTH 5 0
BBX 4 5 1 1
BITMAP
E0
E0
10
F0
F0
ENDCHAR
STARTCHAR 22FF
ENCODING 8959
SWIDTH 600 0
DWIDTH 6 0
BBX 5 6 1 0
BITMAP
F8
80
80
F8
80
F8
ENDCHAR
STARTCHAR 2300
ENCODING 8960
SWIDTH 500 0
DWIDTH 5 0
BBX 4 5 1 1
BITMAP
70
B0
D0
90
60
ENDCHAR
STARTCHAR 2302
ENCODING 8962
SWIDTH 700 0
DWIDTH 7 0
BBX 6 7 1 0
BITMAP
20
50
88
84
84
84
FC
ENDCHAR
STARTCHAR 2305
ENCODING 8965
SWIDTH 500 0
DWIDTH 5 0
BBX 4 5 1 0
BITMAP
F0
00
60
A0
90
ENDCHAR
STARTCHAR 2306
ENCODING 8966
SWIDTH 500 0
DWIDTH 5 0
BBX 4 7 1 0
BITMAP
F0
00
F0
00
60
A0
90
ENDCHAR
STARTCHAR 2308
ENCODING 8968
SWIDTH 400 0
DWIDTH 4 0
BBX 3 10 1 -2
BITMAP
E0
80
80
80
80
80
80
80
80
80
ENDCHAR
STARTCHAR 2309
ENCODING 8969
SWIDTH 400 0
DWIDTH 4 0
BBX 3 9 0 -2
BITMAP
E0
20
20
20
20
20
20
20
20
ENDCHAR
STARTCHAR 230A
ENCODING 8970
SWIDTH 400 0
DWIDTH 4 0
BBX 3 10 1 -2
BITMAP
80
80
80
80
80
80
80
80
80
E0
ENDCHAR
STARTCHAR 230B
ENCODING 8971
SWIDTH 400 0
DWIDTH 4 0
BBX 3 9 0 -1
BITMAP
20
20
20
20
20
20
20
20
E0
ENDCHAR
STARTCHAR 2310
ENCODING 8976
SWIDTH 500 0
DWIDTH 5 0
BBX 4 2 1 1
BITMAP
F0
80
ENDCHAR
STARTCHAR 2311
ENCODING 8977
SWIDTH 500 0
DWIDTH 5 0
BBX 4 5 1 1
BITMAP
10
E0
A0
E0
10
ENDCHAR
STARTCHAR 2312
ENCODING 8978
SWIDTH 800 0
DWIDTH 8 0
BBX 7 4 1 1
BITMAP
38
C4
82
02
ENDCHAR
STARTCHAR 2313
ENCODING 8979
SWIDTH 800 0
DWIDTH 8 0
BBX 7 4 1 1
BITMAP
38
C4
82
FE
ENDCHAR
STARTCHAR 2317
ENCODING 8983
SWIDTH 800 0
DWIDTH 8 0
BBX 7 7 1 0
BITMAP
84
FE
84
84
84
FE
84
ENDCHAR
STARTCHAR 2319
ENCODING 8985
SWIDTH 500 0
DWIDTH 5 0
BBX 4 2 1 4
BITMAP
80
F0
ENDCHAR
STARTCHAR 231C
ENCODING 8988
SWIDTH 400 0
DWIDTH 4 0
BBX 3 3 1 3
BITMAP
E0
80
80
ENDCHAR
STARTCHAR 231D
ENCODING 8989
SWIDTH 400 0
DWIDTH 4 0
BBX 3 4 1 3
BITMAP
E0
20
20
20
ENDCHAR
STARTCHAR 231E
ENCODING 8990
SWIDTH 400 0
DWIDTH 4 0
BBX 3 3 1 1
BITMAP
80
80
E0
ENDCHAR
STARTCHAR 231F
ENCODING 8991
SWIDTH 400 0
DWIDTH 4 0
BBX 3 4 1 0
BITMAP
20
20
20
E0
ENDCHAR
STARTCHAR 2320
ENCODING 8992
SWIDTH 400 0
DWIDTH 4 0
BBX 2 15 2 0
BITMAP
40
80
80
80
80
80
80
80
80
80
80
80
80
80
80
ENDCHAR
STARTCHAR 2321
ENCODING 8993
SWIDTH 400 0
DWIDTH 4 0
BBX 2 14 1 0
BITMAP
40
40
40
40
40
40
40
40
40
40
40
40
40
80
ENDCHAR
STARTCHAR 2322
ENCODING 8994
SWIDTH 900 0
DWIDTH 9 0
BBX 8 2 1 2
BITMAP
7C
83
ENDCHAR
STARTCHAR 2323
ENCODING 8995
SWIDTH 900 0
DWIDTH 9 0
BBX 8 2 1 1
BITMAP
83
7C
ENDCHAR
STARTCHAR 232C
ENCODING 9004
SWIDTH 700 0
DWIDTH 7 0
BBX 6 8 1 0
BITMAP
30
CC
8C
84
84
8C
84
78
ENDCHAR
STARTCHAR 2332
ENCODING 9010
SWIDTH 800 0
DWIDTH 8 0
BBX 7 6 1 0
BITMAP
C0
B0
8C
FE
B8
C0
ENDCHAR
STARTCHAR 2336
ENCODING 9014
SWIDTH 700 0
DWIDTH 7 0
BBX 6 7 1 0
BITMAP
FC
20
20
20
20
20
FC
ENDCHAR
STARTCHAR 2337
ENCODING 9015
SWIDTH 500 0
DWIDTH 5 0
BBX 3 9 1 -1
BITMAP
E0
A0
A0
A0
A0
A0
A0
A0
E0
ENDCHAR
STARTCHAR 2338
ENCODING 9016
SWIDTH 700 0
DWIDTH 7 0
BBX 5 9 1 -1
BITMAP
F8
88
88
F8
88
F8
88
88
F8
ENDCHAR
STARTCHAR 2339
ENCODING 9017
SWIDTH 700 0
DWIDTH 7 0
BBX 5 9 1 -1
BITMAP
F8
88
A8
88
F8
A8
A8
88
F8
ENDCHAR
STARTCHAR 233A
ENCODING 9018
SWIDTH 700 0
DWIDTH 7 0
BBX 5 9 1 -1
BITMAP
F8
88
A8
D8
88
D8
A8
88
F8
ENDCHAR
STARTCHAR 233B
ENCODING 9019
SWIDTH 700 0
DWIDTH 7 0
BBX 5 9 1 -1
BITMAP
F8
88
88
F8
D8
F8
88
88
F8
ENDCHAR
STARTCHAR 233C
ENCODING 9020
SWIDTH 700 0
DWIDTH 7 0
BBX 5 9 1 -1
BITMAP
F8
88
F8
88
88
88
D8
A8
F8
ENDCHAR
STARTCHAR 233D
ENCODING 9021
SWIDTH 600 0
DWIDTH 6 0
BBX 5 9 1 -1
BITMAP
20
20
F0
A8
A8
A8
F0
20
20
ENDCHAR
STARTCHAR 233E
ENCODING 9022
SWIDTH 700 0
DWIDTH 7 0
BBX 6 7 1 0
BITMAP
70
8C
F4
CC
B4
88
70
ENDCHAR
STARTCHAR 233F
ENCODING 9023
SWIDTH 500 0
DWIDTH 5 0
BBX 3 8 1 -1
BITMAP
20
20
20
40
E0
80
80
80
ENDCHAR
STARTCHAR 2340
ENCODING 9024
SWIDTH 500 0
DWIDTH 5 0
BBX 3 8 1 -1
BITMAP
80
80
80
40
E0
20
20
20
ENDCHAR
STARTCHAR 2341
ENCODING 9025
SWIDTH 700 0
DWIDTH 7 0
BBX 5 9 1 -1
BITMAP
F8
88
98
98
A8
C8
C8
88
F8
ENDCHAR
STARTCHAR 2342
ENCODING 9026
SWIDTH 700 0
DWIDTH 7 0
BBX 5 9 1 -1
BITMAP
F8
88
C8
A8
A8
98
98
88
F8
ENDCHAR
STARTCHAR 2343
ENCODING 9027
SWIDTH 700 0
DWIDTH 7 0
BBX 5 9 1 -1
BITMAP
F8
88
88
B8
C8
B8
88
88
F8
ENDCHAR
STARTCHAR 2344
ENCODING 9028
SWIDTH 700 0
DWIDTH 7 0
BBX 5 9 1 -1
BITMAP
F8
88
88
E8
98
E8
88
88
F8
ENDCHAR
STARTCHAR 2345
ENCODING 9029
SWIDTH 700 0
DWIDTH 7 0
BBX 6 7 1 0
BITMAP
20
20
20
FC
20
20
20
ENDCHAR
STARTCHAR 2346
ENCODING 9030
SWIDTH 700 0
DWIDTH 7 0
BBX 5 7 1 0
BITMAP
20
20
20
F8
20
20
20
ENDCHAR
STARTCHAR 2347
ENCODING 9031
SWIDTH 700 0
DWIDTH 7 0
BBX 5 9 1 -1
BITMAP
F8
88
88
C8
F8
88
88
88
F8
ENDCHAR
STARTCHAR 2348
ENCODING 9032
SWIDTH 700 0
DWIDTH 7 0
BBX 5 9 1 -1
BITMAP
F8
88
88
98
F8
98
88
88
F8
ENDCHAR
STARTCHAR 2349
ENCODING 9033
SWIDTH 600 0
DWIDTH 6 0
BBX 5 9 1 -1
BITMAP
80
80
F0
C8
A8
A8
D0
30
08
ENDCHAR
STARTCHAR 234A
ENCODING 9034
SWIDTH 700 0
DWIDTH 7 0
BBX 6 8 1 -1
BITMAP
20
20
20
20
20
20
FC
FC
ENDCHAR
STARTCHAR 234B
ENCODING 9035
SWIDTH 500 0
DWIDTH 5 0
BBX 4 9 1 -1
BITMAP
40
40
40
60
E0
E0
D0
60
40
ENDCHAR
STARTCHAR 234C
ENCODING 9036
SWIDTH 700 0
DWIDTH 7 0
BBX 5 9 1 -1
BITMAP
F8
88
88
88
D8
D8
A8
88
F8
ENDCHAR
STARTCHAR 234D
ENCODING 9037
SWIDTH 700 0
DWIDTH 7 0
BBX 5 9 1 -1
BITMAP
F8
88
A8
D8
D8
D8
88
F8
F8
ENDCHAR
STARTCHAR 234E
ENCODING 9038
SWIDTH 700 0
DWIDTH 7 0
BBX 6 7 1 0
BITMAP
20
20
70
70
70
20
FC
ENDCHAR
STARTCHAR 234F
ENCODING 9039
SWIDTH 600 0
DWIDTH 6 0
BBX 5 7 1 0
BITMAP
20
20
20
F8
20
20
20
ENDCHAR
STARTCHAR 2350
ENCODING 9040
SWIDTH 700 0
DWIDTH 7 0
BBX 5 9 1 -1
BITMAP
F8
B8
A8
A8
A8
A8
A8
A8
F8
ENDCHAR
STARTCHAR 2351
ENCODING 9041
SWIDTH 700 0
DWIDTH 7 0
BBX 6 8 1 0
BITMAP
FC
FC
20
20
20
20
20
20
ENDCHAR
STARTCHAR 2352
ENCODING 9042
SWIDTH 500 0
DWIDTH 5 0
BBX 4 9 1 -1
BITMAP
40
40
F0
E0
E0
60
40
40
40
ENDCHAR
STARTCHAR 2353
ENCODING 9043
SWIDTH 700 0
DWIDTH 7 0
BBX 5 9 1 -1
BITMAP
F8
88
A8
D8
D8
88
88
88
F8
ENDCHAR
STARTCHAR 2354
ENCODING 9044
SWIDTH 700 0
DWIDTH 7 0
BBX 5 9 1 -1
BITMAP
F8
88
F8
D8
D8
D8
A8
88
F8
ENDCHAR
STARTCHAR 2355
ENCODING 9045
SWIDTH 700 0
DWIDTH 7 0
BBX 6 7 1 0
BITMAP
FC
20
70
70
70
20
20
ENDCHAR
STARTCHAR 2356
ENCODING 9046
SWIDTH 600 0
DWIDTH 6 0
BBX 5 7 1 0
BITMAP
20
20
20
F8
20
20
20
ENDCHAR
STARTCHAR 2357
ENCODING 9047
SWIDTH 700 0
DWIDTH 7 0
BBX 5 9 1 -1
BITMAP
F8
A8
A8
A8
A8
A8
A8
B8
F8
ENDCHAR
STARTCHAR 2358
ENCODING 9048
SWIDTH 400 0
DWIDTH 4 0
BBX 2 8 1 -1
BITMAP
40
40
00
00
00
00
00
C0
ENDCHAR
STARTCHAR 2359
ENCODING 9049
SWIDTH 500 0
DWIDTH 5 0
BBX 4 7 1 -1
BITMAP
40
A0
A0
A0
90
60
E0
ENDCHAR
STARTCHAR 235A
ENCODING 9050
SWIDTH 800 0
DWIDTH 8 0
BBX 7 8 1 0
BITMAP
30
48
84
82
44
28
10
FE
ENDCHAR
STARTCHAR 235B
ENCODING 9051
SWIDTH 400 0
DWIDTH 4 0
BBX 3 6 1 -1
BITMAP
E0
A0
C0
00
00
C0
ENDCHAR
STARTCHAR 235C
ENCODING 9052
SWIDTH 600 0
DWIDTH 6 0
BBX 5 7 1 -1
BITMAP
F0
88
88
88
D0
20
F8
ENDCHAR
STARTCHAR 235D
ENCODING 9053
SWIDTH 600 0
DWIDTH 6 0
BBX 5 7 1 0
BITMAP
F8
F8
D8
D8
A8
88
88
ENDCHAR
STARTCHAR 235E
ENCODING 9054
SWIDTH 700 0
DWIDTH 7 0
BBX 5 9 1 -1
BITMAP
F8
A8
A8
A8
88
88
88
88
F8
ENDCHAR
STARTCHAR 235F
ENCODING 9055
SWIDTH 700 0
DWIDTH 7 0
BBX 6 7 1 0
BITMAP
30
C8
A4
F4
B4
84
78
ENDCHAR
STARTCHAR 2360
ENCODING 9056
SWIDTH 700 0
DWIDTH 7 0
BBX 5 9 1 -1
BITMAP
F8
88
A8
88
88
A8
A8
88
F8
ENDCHAR
STARTCHAR 2361
ENCODING 9057
SWIDTH 700 0
DWIDTH 7 0
BBX 6 8 1 0
BITMAP
50
FC
20
20
20
20
20
20
ENDCHAR
STARTCHAR 2362
ENCODING 9058
SWIDTH 600 0
DWIDTH 6 0
BBX 4 7 1 1
BITMAP
F0
90
90
90
60
60
40
ENDCHAR
STARTCHAR 2363
ENCODING 9059
SWIDTH 500 0
DWIDTH 5 0
BBX 3 5 1 2
BITMAP
A0
40
40
E0
A0
ENDCHAR
STARTCHAR 2364
ENCODING 9060
SWIDTH 400 0
DWIDTH 4 0
BBX 3 5 1 2
BITMAP
A0
00
E0
A0
C0
ENDCHAR
STARTCHAR 2365
ENCODING 9061
SWIDTH 600 0
DWIDTH 6 0
BBX 5 7 1 1
BITMAP
50
00
F0
88
88
88
F0
ENDCHAR
STARTCHAR 2366
ENCODING 9062
SWIDTH 600 0
DWIDTH 6 0
BBX 5 9 1 -1
BITMAP
20
20
A8
A8
A8
A8
B8
60
20
ENDCHAR
STARTCHAR 2367
ENCODING 9063
SWIDTH 600 0
DWIDTH 6 0
BBX 5 7 1 0
BITMAP
20
F8
A0
A0
A0
A0
78
ENDCHAR
STARTCHAR 2368
ENCODING 9064
SWIDTH 700 0
DWIDTH 7 0
BBX 6 4 1 3
BITMAP
50
00
00
FC
ENDCHAR
STARTCHAR 2369
ENCODING 9065
SWIDTH 500 0
DWIDTH 5 0
BBX 4 6 1 1
BITMAP
A0
00
C0
30
30
C0
ENDCHAR
STARTCHAR 236A
ENCODING 9066
SWIDTH 300 0
DWIDTH 3 0
BBX 1 4 1 0
BITMAP
80
00
80
80
ENDCHAR
STARTCHAR 236B
ENCODING 9067
SWIDTH 700 0
DWIDTH 7 0
BBX 6 7 1 0
BITMAP
F8
88
48
FC
50
30
20
ENDCHAR
STARTCHAR 236C
ENCODING 9068
SWIDTH 700 0
DWIDTH 7 0
BBX 6 7 1 0
BITMAP
70
48
88
FC
88
48
70
ENDCHAR
STARTCHAR 236D
ENCODING 9069
SWIDTH 700 0
DWIDTH 7 0
BBX 6 9 1 -1
BITMAP
20
20
20
20
FC
20
20
20
20
ENDCHAR
STARTCHAR 236E
ENCODING 9070
SWIDTH 400 0
DWIDTH 4 0
BBX 2 6 1 -1
BITMAP
40
00
00
40
80
C0
ENDCHAR
STARTCHAR 236F
ENCODING 9071
SWIDTH 700 0
DWIDTH 7 0
BBX 5 9 1 -1
BITMAP
F8
88
98
F8
A8
F8
C8
88
F8
ENDCHAR
STARTCHAR 2370
ENCODING 9072
SWIDTH 700 0
DWIDTH 7 0
BBX 5 9 1 -1
BITMAP
F8
88
F8
98
A8
A8
A8
88
F8
ENDCHAR
STARTCHAR 2371
ENCODING 9073
SWIDTH 700 0
DWIDTH 7 0
BBX 6 5 1 1
BITMAP
84
88
FC
30
20
ENDCHAR
STARTCHAR 2372
ENCODING 9074
SWIDTH 700 0
DWIDTH 7 0
BBX 6 5 1 1
BITMAP
20
50
FC
88
04
ENDCHAR
STARTCHAR 2373
ENCODING 9075
SWIDTH 300 0
DWIDTH 3 0
BBX 2 5 1 0
BITMAP
80
80
80
80
C0
ENDCHAR
STARTCHAR 2374
ENCODING 9076
SWIDTH 600 0
DWIDTH 6 0
BBX 4 7 1 -2
BITMAP
F0
90
90
90
F0
80
80
ENDCHAR
STARTCHAR 2375
ENCODING 9077
SWIDTH 700 0
DWIDTH 7 0
BBX 6 5 1 0
BITMAP
84
84
A4
A4
FC
ENDCHAR
STARTCHAR 2376
ENCODING 9078
SWIDTH 600 0
DWIDTH 6 0
BBX 5 6 1 -1
BITMAP
F0
90
90
90
E8
F0
ENDCHAR
STARTCHAR 2377
ENCODING 9079
SWIDTH 400 0
DWIDTH 4 0
BBX 4 6 1 -1
BITMAP
E0
80
E0
80
F0
E0
ENDCHAR
STARTCHAR 2378
ENCODING 9080
SWIDTH 300 0
DWIDTH 3 0
BBX 2 6 1 -1
BITMAP
80
80
80
80
C0
C0
ENDCHAR
STARTCHAR 2379
ENCODING 9081
SWIDTH 700 0
DWIDTH 7 0
BBX 7 6 0 -1
BITMAP
42
82
92
52
7E
7E
ENDCHAR
STARTCHAR 237A
ENCODING 9082
SWIDTH 600 0
DWIDTH 6 0
BBX 5 5 1 0
BITMAP
F0
90
90
90
E8
ENDCHAR
STARTCHAR 237C
ENCODING 9084
SWIDTH 900 0
DWIDTH 9 0
BBX 8 10 1 -2
BITMAP
20
40
C0
C0
40
70
60
7F
80
40
ENDCHAR
STARTCHAR 2394
ENCODING 9108
SWIDTH 800 0
DWIDTH 8 0
BBX 7 7 1 0
BITMAP
78
84
84
82
84
44
78
ENDCHAR
STARTCHAR 2395
ENCODING 9109
SWIDTH 700 0
DWIDTH 7 0
BBX 5 9 1 -1
BITMAP
F8
88
88
88
88
88
88
88
F8
ENDCHAR
STARTCHAR 239B
ENCODING 9115
SWIDTH 300 0
DWIDTH 3 0
BBX 2 11 1 0
BITMAP
40
80
80
80
80
80
80
80
80
80
80
ENDCHAR
STARTCHAR 239C
ENCODING 9116
SWIDTH 300 0
DWIDTH 3 0
BBX 1 10 0 1
BITMAP
80
80
80
80
80
80
80
80
80
80
ENDCHAR
STARTCHAR 239D
ENCODING 9117
SWIDTH 300 0
DWIDTH 3 0
BBX 2 10 1 1
BITMAP
80
80
80
80
80
80
80
80
80
40
ENDCHAR
STARTCHAR 239E
ENCODING 9118
SWIDTH 300 0
DWIDTH 3 0
BBX 3 11 0 0
BITMAP
80
40
40
20
20
20
20
20
20
20
20
ENDCHAR
STARTCHAR 239F
ENCODING 9119
SWIDTH 300 0
DWIDTH 3 0
BBX 1 11 2 0
BITMAP
80
80
80
80
80
80
80
80
80
80
80
ENDCHAR
STARTCHAR 23A0
ENCODING 9120
SWIDTH 300 0
DWIDTH 3 0
BBX 2 11 1 0
BITMAP
40
40
40
40
40
40
40
40
40
80
80
ENDCHAR
STARTCHAR 23A1
ENCODING 9121
SWIDTH 300 0
DWIDTH 3 0
BBX 2 11 1 0
BITMAP
C0
80
80
80
80
80
80
80
80
80
80
ENDCHAR
STARTCHAR 23A2
ENCODING 9122
SWIDTH 300 0
DWIDTH 3 0
BBX 1 11 1 0
BITMAP
80
80
80
80
80
80
80
80
80
80
80
ENDCHAR
STARTCHAR 23A3
ENCODING 9123
SWIDTH 300 0
DWIDTH 3 0
BBX 2 11 1 0
BITMAP
80
80
80
80
80
80
80
80
80
80
C0
ENDCHAR
STARTCHAR 23A4
ENCODING 9124
SWIDTH 300 0
DWIDTH 3 0
BBX 3 11 0 0
BITMAP
E0
20
20
20
20
20
20
20
20
20
20
ENDCHAR
STARTCHAR 23A5
ENCODING 9125
SWIDTH 300 0
DWIDTH 3 0
BBX 1 11 2 0
BITMAP
80
80
80
80
80
80
80
80
80
80
80
ENDCHAR
STARTCHAR 23A6
ENCODING 9126
SWIDTH 300 0
DWIDTH 3 0
BBX 3 11 0 0
BITMAP
20
20
20
20
20
20
20
20
20
20
E0
ENDCHAR
STARTCHAR 23A7
ENCODING 9127
SWIDTH 300 0
DWIDTH 3 0
BBX 2 11 1 0
BITMAP
40
80
80
80
80
80
80
80
80
80
80
ENDCHAR
STARTCHAR 23A8
ENCODING 9128
SWIDTH 300 0
DWIDTH 3 0
BBX 2 11 0 0
BITMAP
40
40
40
40
40
C0
40
40
40
40
40
ENDCHAR
STARTCHAR 23A9
ENCODING 9129
SWIDTH 300 0
DWIDTH 3 0
BBX 2 11 1 0
BITMAP
80
80
80
80
80
80
80
80
80
80
40
ENDCHAR
STARTCHAR 23AA
ENCODING 9130
SWIDTH 300 0
DWIDTH 3 0
BBX 1 11 1 0
BITMAP
80
80
80
80
80
80
80
80
80
80
80
ENDCHAR
STARTCHAR 23AB
ENCODING 9131
SWIDTH 300 0
DWIDTH 3 0
BBX 2 11 0 0
BITMAP
80
40
40
40
40
40
40
40
40
40
40
ENDCHAR
STARTCHAR 23AC
ENCODING 9132
SWIDTH 300 0
DWIDTH 3 0
BBX 2 11 1 0
BITMAP
80
80
80
80
80
40
80
80
80
80
80
ENDCHAR
STARTCHAR 23AD
ENCODING 9133
SWIDTH 300 0
DWIDTH 3 0
BBX 2 11 0 0
BITMAP
40
40
40
40
40
40
40
40
40
40
C0
ENDCHAR
STARTCHAR 23AE
ENCODING 9134
SWIDTH 400 0
DWIDTH 4 0
BBX 1 14 2 0
BITMAP
80
80
80
80
80
80
80
80
80
80
80
80
80
80
ENDCHAR
STARTCHAR 23AF
ENCODING 9135
SWIDTH 1000 0
DWIDTH 10 0
BBX 10 1 0 2
BITMAP
FFC0
ENDCHAR
STARTCHAR 23B0
ENCODING 9136
SWIDTH 300 0
DWIDTH 3 0
BBX 3 10 0 -2
BITMAP
20
40
40
40
40
40
40
40
40
80
ENDCHAR
STARTCHAR 23B1
ENCODING 9137
SWIDTH 300 0
DWIDTH 3 0
BBX 3 10 0 -2
BITMAP
C0
40
40
40
40
40
40
40
40
20
ENDCHAR
STARTCHAR 23B2
ENCODING 9138
SWIDTH 1100 0
DWIDTH 11 0
BBX 10 6 1 -4
BITMAP
FFC0
C000
6000
3000
1800
0C00
ENDCHAR
STARTCHAR 23B3
ENCODING 9139
SWIDTH 1100 0
DWIDTH 11 0
BBX 10 7 1 4
BITMAP
0400
0800
1000
3000
6000
4000
FFC0
ENDCHAR
STARTCHAR 23B4
ENCODING 9140
SWIDTH 600 0
DWIDTH 6 0
BBX 7 1 0 7
BITMAP
FE
ENDCHAR
STARTCHAR 23B5
ENCODING 9141
SWIDTH 600 0
DWIDTH 6 0
BBX 7 1 0 -2
BITMAP
FE
ENDCHAR
STARTCHAR 23B6
ENCODING 9142
SWIDTH 700 0
DWIDTH 7 0
BBX 6 5 1 1
BITMAP
04
FC
00
FC
04
ENDCHAR
STARTCHAR 23B7
ENCODING 9143
SWIDTH 800 0
DWIDTH 8 0
BBX 6 15 1 0
BITMAP
04
84
44
44
44
24
24
14
14
14
0C
0C
0C
04
04
ENDCHAR
STARTCHAR 23B8
ENCODING 9144
SWIDTH 800 0
DWIDTH 8 0
BBX 1 13 2 1
BITMAP
80
80
80
80
80
80
80
80
80
80
80
80
80
ENDCHAR
STARTCHAR 23B9
ENCODING 9145
SWIDTH 800 0
DWIDTH 8 0
BBX 1 14 6 0
BITMAP
80
80
80
80
80
80
80
80
80
80
80
80
80
80
ENDCHAR
STARTCHAR 23CE
ENCODING 9166
SWIDTH 700 0
DWIDTH 7 0
BBX 6 7 1 0
BITMAP
0C
14
54
B4
84
BC
40
ENDCHAR
STARTCHAR 23D0
ENCODING 9168
SWIDTH 500 0
DWIDTH 5 0
BBX 1 14 2 0
BITMAP
80
80
80
80
80
80
80
80
80
80
80
80
80
80
ENDCHAR
STARTCHAR 23DC
ENCODING 9180
SWIDTH 600 0
DWIDTH 6 0
BBX 6 2 0 7
BITMAP
30
CC
ENDCHAR
STARTCHAR 23DD
ENCODING 9181
SWIDTH 600 0
DWIDTH 6 0
BBX 6 2 0 -3
BITMAP
C4
38
ENDCHAR
STARTCHAR 23DE
ENCODING 9182
SWIDTH 600 0
DWIDTH 6 0
BBX 6 2 0 7
BITMAP
10
EC
ENDCHAR
STARTCHAR 23DF
ENCODING 9183
SWIDTH 600 0
DWIDTH 6 0
BBX 6 2 0 -3
BITMAP
84
78
ENDCHAR
STARTCHAR 23E0
ENCODING 9184
SWIDTH 600 0
DWIDTH 6 0
BBX 6 2 0 7
BITMAP
78
84
ENDCHAR
STARTCHAR 23E1
ENCODING 9185
SWIDTH 600 0
DWIDTH 6 0
BBX 6 2 0 -3
BITMAP
84
7C
ENDCHAR
STARTCHAR 23E2
ENCODING 9186
SWIDTH 1000 0
DWIDTH 10 0
BBX 8 6 1 0
BITMAP
FC
82
82
81
81
FF
ENDCHAR
STARTCHAR 23E3
ENCODING 9187
SWIDTH 700 0
DWIDTH 7 0
BBX 6 7 1 1
BITMAP
78
F4
8C
8C
CC
BC
70
ENDCHAR
STARTCHAR 23E4
ENCODING 9188
SWIDTH 1000 0
DWIDTH 10 0
BBX 9 1 1 3
BITMAP
FF80
ENDCHAR
STARTCHAR 23E5
ENCODING 9189
SWIDTH 1300 0
DWIDTH 13 0
BBX 12 5 1 0
BITMAP
3FF0
2020
4020
8040
FF80
ENDCHAR
STARTCHAR 23E6
ENCODING 9190
SWIDTH 1000 0
DWIDTH 10 0
BBX 8 4 1 0
BITMAP
70
90
6F
0E
ENDCHAR
STARTCHAR 23E7
ENCODING 9191
SWIDTH 800 0
DWIDTH 8 0
BBX 7 9 1 -2
BITMAP
40
C2
C4
B8
30
30
50
88
88
ENDCHAR
STARTCHAR 2422
ENCODING 9250
SWIDTH 600 0
DWIDTH 6 0
BBX 5 8 1 0
BITMAP
80
E0
80
F8
88
88
88
F0
ENDCHAR
STARTCHAR 2423
ENCODING 9251
SWIDTH 600 0
DWIDTH 6 0
BBX 5 2 1 -2
BITMAP
88
F8
ENDCHAR
STARTCHAR 2474
ENCODING 9332
SWIDTH 1000 0
DWIDTH 10 0
BBX 8 9 1 -1
BITMAP
42
81
91
91
91
91
81
81
42
ENDCHAR
STARTCHAR 2475
ENCODING 9333
SWIDTH 1000 0
DWIDTH 10 0
BBX 8 9 1 -1
BITMAP
42
81
99
89
89
91
99
81
42
ENDCHAR
STARTCHAR 2500
ENCODING 9472
SWIDTH 800 0
DWIDTH 8 0
BBX 8 1 0 3
BITMAP
FF
ENDCHAR
STARTCHAR 2506
ENCODING 9478
SWIDTH 400 0
DWIDTH 4 0
BBX 1 10 2 -2
BITMAP
80
80
80
80
80
80
00
80
80
80
ENDCHAR
STARTCHAR 250C
ENCODING 9484
SWIDTH 800 0
DWIDTH 8 0
BBX 4 8 4 -4
BITMAP
F0
80
80
80
80
80
80
80
ENDCHAR
STARTCHAR 2510
ENCODING 9488
SWIDTH 800 0
DWIDTH 8 0
BBX 4 8 0 -4
BITMAP
F0
10
10
10
10
10
10
10
ENDCHAR
STARTCHAR 2514
ENCODING 9492
SWIDTH 800 0
DWIDTH 8 0
BBX 4 7 4 4
BITMAP
80
80
80
80
80
80
F0
ENDCHAR
STARTCHAR 2518
ENCODING 9496
SWIDTH 800 0
DWIDTH 8 0
BBX 4 7 0 4
BITMAP
10
10
10
10
10
10
F0
ENDCHAR
STARTCHAR 2550
ENCODING 9552
SWIDTH 800 0
DWIDTH 8 0
BBX 8 1 0 3
BITMAP
FF
ENDCHAR
STARTCHAR 2571
ENCODING 9585
SWIDTH 600 0
DWIDTH 6 0
BBX 6 7 0 0
BITMAP
04
08
10
20
20
40
80
ENDCHAR
STARTCHAR 2572
ENCODING 9586
SWIDTH 600 0
DWIDTH 6 0
BBX 6 7 0 0
BITMAP
80
40
20
10
10
08
04
ENDCHAR
STARTCHAR 2577
ENCODING 9591
SWIDTH 800 0
DWIDTH 8 0
BBX 1 7 4 -3
BITMAP
80
80
80
80
80
80
80
ENDCHAR
STARTCHAR 2580
ENCODING 9600
SWIDTH 1000 0
DWIDTH 10 0
BBX 10 5 0 5
BITMAP
FFC0
FFC0
FFC0
FFC0
FFC0
ENDCHAR
STARTCHAR 2584
ENCODING 9604
SWIDTH 1000 0
DWIDTH 10 0
BBX 10 5 0 0
BITMAP
FFC0
FFC0
FFC0
FFC0
FFC0
ENDCHAR
STARTCHAR 2588
ENCODING 9608
SWIDTH 1000 0
DWIDTH 10 0
BBX 10 10 0 0
BITMAP
FFC0
FFC0
FFC0
FFC0
FFC0
FFC0
FFC0
FFC0
FFC0
FFC0
ENDCHAR
STARTCHAR 258C
ENCODING 9612
SWIDTH 1000 0
DWIDTH 10 0
BBX 5 10 0 0
BITMAP
F8
F8
F8
F8
F8
F8
F8
F8
F8
F8
ENDCHAR
STARTCHAR 2590
ENCODING 9616
SWIDTH 1000 0
DWIDTH 10 0
BBX 5 10 5 0
BITMAP
F8
F8
F8
F8
F8
F8
F8
F8
F8
F8
ENDCHAR
STARTCHAR 2591
ENCODING 9617
SWIDTH 1000 0
DWIDTH 10 0
BBX 10 6 0 2
BITMAP
C600
18C0
0000
0000
18C0
C600
ENDCHAR
STARTCHAR 2592
ENCODING 9618
SWIDTH 1000 0
DWIDTH 10 0
BBX 10 10 0 0
BITMAP
FFC0
FDC0
DFC0
FFC0
FFC0
FFC0
FFC0
BF40
FDC0
FFC0
ENDCHAR
STARTCHAR 2593
ENCODING 9619
SWIDTH 1000 0
DWIDTH 10 0
BBX 10 10 0 0
BITMAP
FFC0
FFC0
BDC0
F7C0
FFC0
FFC0
F7C0
BDC0
FFC0
FFC0
ENDCHAR
STARTCHAR 25A0
ENCODING 9632
SWIDTH 800 0
DWIDTH 8 0
BBX 7 7 1 0
BITMAP
FE
FE
FE
FE
FE
FE
FE
ENDCHAR
STARTCHAR 25A1
ENCODING 9633
SWIDTH 800 0
DWIDTH 8 0
BBX 7 7 1 0
BITMAP
FE
82
82
82
82
82
FE
ENDCHAR
STARTCHAR 25A2
ENCODING 9634
SWIDTH 800 0
DWIDTH 8 0
BBX 7 7 1 0
BITMAP
FE
82
82
82
82
82
FE
ENDCHAR
STARTCHAR 25A3
ENCODING 9635
SWIDTH 800 0
DWIDTH 8 0
BBX 7 7 1 0
BITMAP
FE
FA
FA
FA
FA
82
FE
ENDCHAR
STARTCHAR 25A4
ENCODING 9636
SWIDTH 800 0
DWIDTH 8 0
BBX 7 7 1 0
BITMAP
FE
82
FE
FE
82
FE
FE
ENDCHAR
STARTCHAR 25A5
ENCODING 9637
SWIDTH 800 0
DWIDTH 8 0
BBX 7 7 1 0
BITMAP
FE
EA
EA
EA
EA
EA
FE
ENDCHAR
STARTCHAR 25A6
ENCODING 9638
SWIDTH 800 0
DWIDTH 8 0
BBX 7 7 1 0
BITMAP
FE
EA
FE
FE
EA
FE
FE
ENDCHAR
STARTCHAR 25A7
ENCODING 9639
SWIDTH 800 0
DWIDTH 8 0
BBX 7 7 1 0
BITMAP
FE
D6
AA
D6
AA
D6
FE
ENDCHAR
STARTCHAR 25A8
ENCODING 9640
SWIDTH 800 0
DWIDTH 8 0
BBX 7 7 1 0
BITMAP
FE
DE
B2
EE
D2
AE
FE
ENDCHAR
STARTCHAR 25A9
ENCODING 9641
SWIDTH 800 0
DWIDTH 8 0
BBX 7 7 1 0
BITMAP
FE
D6
AA
D6
AA
D6
FE
ENDCHAR
STARTCHAR 25AA
ENCODING 9642
SWIDTH 500 0
DWIDTH 5 0
BBX 4 4 1 2
BITMAP
F0
F0
F0
F0
ENDCHAR
STARTCHAR 25AB
ENCODING 9643
SWIDTH 500 0
DWIDTH 5 0
BBX 4 4 1 2
BITMAP
F0
90
90
F0
ENDCHAR
STARTCHAR 25AC
ENCODING 9644
SWIDTH 800 0
DWIDTH 8 0
BBX 7 3 1 2
BITMAP
FE
FE
FE
ENDCHAR
STARTCHAR 25AD
ENCODING 9645
SWIDTH 800 0
DWIDTH 8 0
BBX 7 3 1 2
BITMAP
FE
82
FE
ENDCHAR
STARTCHAR 25AE
ENCODING 9646
SWIDTH 800 0
DWIDTH 8 0
BBX 4 7 2 0
BITMAP
F0
F0
F0
F0
F0
F0
F0
ENDCHAR
STARTCHAR 25AF
ENCODING 9647
SWIDTH 400 0
DWIDTH 4 0
BBX 3 10 1 -3
BITMAP
E0
A0
A0
A0
A0
A0
A0
A0
A0
E0
ENDCHAR
STARTCHAR 25B0
ENCODING 9648
SWIDTH 900 0
DWIDTH 9 0
BBX 8 3 1 2
BITMAP
7F
FE
FE
ENDCHAR
STARTCHAR 25B1
ENCODING 9649
SWIDTH 900 0
DWIDTH 9 0
BBX 8 3 1 2
BITMAP
FF
82
FE
ENDCHAR
STARTCHAR 25B2
ENCODING 9650
SWIDTH 900 0
DWIDTH 9 0
BBX 7 7 1 0
BITMAP
10
10
38
3C
7C
FE
FE
ENDCHAR
STARTCHAR 25B3
ENCODING 9651
SWIDTH 900 0
DWIDTH 9 0
BBX 7 7 1 0
BITMAP
10
10
28
44
44
82
FE
ENDCHAR
STARTCHAR 25B4
ENCODING 9652
SWIDTH 400 0
DWIDTH 4 0
BBX 3 3 1 2
BITMAP
40
C0
E0
ENDCHAR
STARTCHAR 25B5
ENCODING 9653
SWIDTH 400 0
DWIDTH 4 0
BBX 4 3 0 2
BITMAP
20
60
F0
ENDCHAR
STARTCHAR 25B6
ENCODING 9654
SWIDTH 900 0
DWIDTH 9 0
BBX 7 7 1 0
BITMAP
C0
F0
F8
FE
F8
F0
C0
ENDCHAR
STARTCHAR 25B7
ENCODING 9655
SWIDTH 700 0
DWIDTH 7 0
BBX 6 7 1 0
BITMAP
80
E0
98
84
98
A0
C0
ENDCHAR
STARTCHAR 25B8
ENCODING 9656
SWIDTH 400 0
DWIDTH 4 0
BBX 4 5 0 1
BITMAP
80
E0
F0
C0
80
ENDCHAR
STARTCHAR 25B9
ENCODING 9657
SWIDTH 400 0
DWIDTH 4 0
BBX 4 5 0 1
BITMAP
80
E0
90
E0
80
ENDCHAR
STARTCHAR 25BA
ENCODING 9658
SWIDTH 800 0
DWIDTH 8 0
BBX 7 5 1 1
BITMAP
80
F0
FE
F0
80
ENDCHAR
STARTCHAR 25BB
ENCODING 9659
SWIDTH 800 0
DWIDTH 8 0
BBX 7 5 1 1
BITMAP
80
F0
8E
B8
C0
ENDCHAR
STARTCHAR 25BC
ENCODING 9660
SWIDTH 900 0
DWIDTH 9 0
BBX 7 7 1 0
BITMAP
FE
FE
7C
3C
38
10
10
ENDCHAR
STARTCHAR 25BD
ENCODING 9661
SWIDTH 900 0
DWIDTH 9 0
BBX 7 7 1 0
BITMAP
FE
82
44
44
28
10
10
ENDCHAR
STARTCHAR 25BE
ENCODING 9662
SWIDTH 400 0
DWIDTH 4 0
BBX 3 3 1 2
BITMAP
E0
C0
40
ENDCHAR
STARTCHAR 25BF
ENCODING 9663
SWIDTH 400 0
DWIDTH 4 0
BBX 4 3 0 2
BITMAP
F0
60
20
ENDCHAR
STARTCHAR 25C0
ENCODING 9664
SWIDTH 900 0
DWIDTH 9 0
BBX 7 7 1 0
BITMAP
06
0E
3E
FE
3E
1E
06
ENDCHAR
STARTCHAR 25C1
ENCODING 9665
SWIDTH 700 0
DWIDTH 7 0
BBX 6 7 1 0
BITMAP
04
1C
64
84
64
14
0C
ENDCHAR
STARTCHAR 25C2
ENCODING 9666
SWIDTH 400 0
DWIDTH 4 0
BBX 3 3 1 2
BITMAP
60
E0
60
ENDCHAR
STARTCHAR 25C3
ENCODING 9667
SWIDTH 400 0
DWIDTH 4 0
BBX 3 3 1 2
BITMAP
60
A0
60
ENDCHAR
STARTCHAR 25C4
ENCODING 9668
SWIDTH 800 0
DWIDTH 8 0
BBX 7 5 1 1
BITMAP
06
3E
FE
1E
02
ENDCHAR
STARTCHAR 25C5
ENCODING 9669
SWIDTH 800 0
DWIDTH 8 0
BBX 7 5 1 1
BITMAP
06
3A
C2
72
0E
ENDCHAR
STARTCHAR 25C6
ENCODING 9670
SWIDTH 900 0
DWIDTH 9 0
BBX 9 9 0 -1
BITMAP
0800
1C00
3E00
7F00
FF80
7F00
3E00
1C00
0800
ENDCHAR
STARTCHAR 25C7
ENCODING 9671
SWIDTH 900 0
DWIDTH 9 0
BBX 9 9 0 -1
BITMAP
0800
1400
2200
4100
8080
4100
2200
1400
0800
ENDCHAR
STARTCHAR 25C8
ENCODING 9672
SWIDTH 900 0
DWIDTH 9 0
BBX 9 9 0 -1
BITMAP
0800
1400
2A00
5D00
BE80
5D00
2A00
1400
0800
ENDCHAR
STARTCHAR 25C9
ENCODING 9673
SWIDTH 800 0
DWIDTH 8 0
BBX 7 7 1 0
BITMAP
78
84
BA
BA
B2
84
78
ENDCHAR
STARTCHAR 25CA
ENCODING 9674
SWIDTH 500 0
DWIDTH 5 0
BBX 4 7 1 0
BITMAP
60
60
90
90
90
60
40
ENDCHAR
STARTCHAR 25CB
ENCODING 9675
SWIDTH 800 0
DWIDTH 8 0
BBX 7 7 1 0
BITMAP
78
84
82
82
82
84
78
ENDCHAR
STARTCHAR 25CC
ENCODING 9676
SWIDTH 500 0
DWIDTH 5 0
BBX 4 4 1 0
BITMAP
90
00
00
90
ENDCHAR
STARTCHAR 25CD
ENCODING 9677
SWIDTH 800 0
DWIDTH 8 0
BBX 7 7 1 0
BITMAP
78
EC
EA
EA
EA
EC
78
ENDCHAR
STARTCHAR 25CE
ENCODING 9678
SWIDTH 800 0
DWIDTH 8 0
BBX 7 7 1 0
BITMAP
78
84
FA
CA
CA
B4
78
ENDCHAR
STARTCHAR 25CF
ENCODING 9679
SWIDTH 800 0
DWIDTH 8 0
BBX 7 7 1 0
BITMAP
78
FC
FE
FE
FE
FC
78
ENDCHAR
STARTCHAR 25D0
ENCODING 9680
SWIDTH 800 0
DWIDTH 8 0
BBX 7 7 1 0
BITMAP
78
E4
E2
E2
E2
E4
78
ENDCHAR
STARTCHAR 25D1
ENCODING 9681
SWIDTH 800 0
DWIDTH 8 0
BBX 7 7 1 0
BITMAP
78
9C
9E
9E
9E
9C
78
ENDCHAR
STARTCHAR 25D2
ENCODING 9682
SWIDTH 800 0
DWIDTH 8 0
BBX 7 7 1 0
BITMAP
78
84
82
FE
FE
FC
78
ENDCHAR
STARTCHAR 25D3
ENCODING 9683
SWIDTH 800 0
DWIDTH 8 0
BBX 7 7 1 0
BITMAP
78
FC
FE
82
82
84
78
ENDCHAR
STARTCHAR 25D4
ENCODING 9684
SWIDTH 800 0
DWIDTH 8 0
BBX 7 7 1 0
BITMAP
78
9C
9E
82
82
84
78
ENDCHAR
STARTCHAR 25D5
ENCODING 9685
SWIDTH 800 0
DWIDTH 8 0
BBX 7 7 1 0
BITMAP
78
9C
9E
FE
FE
FC
78
ENDCHAR
STARTCHAR 25D6
ENCODING 9686
SWIDTH 800 0
DWIDTH 8 0
BBX 3 7 1 0
BITMAP
60
E0
E0
E0
E0
E0
60
ENDCHAR
STARTCHAR 25D7
ENCODING 9687
SWIDTH 800 0
DWIDTH 8 0
BBX 4 7 4 0
BITMAP
C0
E0
F0
F0
F0
E0
C0
ENDCHAR
STARTCHAR 25D8
ENCODING 9688
SWIDTH 200 0
DWIDTH 2 0
BBX 3 9 0 -1
BITMAP
E0
E0
E0
E0
A0
E0
E0
E0
E0
ENDCHAR
STARTCHAR 25D9
ENCODING 9689
SWIDTH 800 0
DWIDTH 8 0
BBX 8 9 0 -1
BITMAP
FF
DB
BF
FF
FF
FF
BF
DB
FF
ENDCHAR
STARTCHAR 25DA
ENCODING 9690
SWIDTH 800 0
DWIDTH 8 0
BBX 8 4 0 4
BITMAP
FF
DB
BF
FF
ENDCHAR
STARTCHAR 25DB
ENCODING 9691
SWIDTH 800 0
DWIDTH 8 0
BBX 8 5 0 -1
BITMAP
FE
FF
BF
DB
FF
ENDCHAR
STARTCHAR 25DC
ENCODING 9692
SWIDTH 800 0
DWIDTH 8 0
BBX 3 3 1 4
BITMAP
60
80
80
ENDCHAR
STARTCHAR 25DD
ENCODING 9693
SWIDTH 800 0
DWIDTH 8 0
BBX 3 3 5 4
BITMAP
80
40
20
ENDCHAR
STARTCHAR 25DE
ENCODING 9694
SWIDTH 800 0
DWIDTH 8 0
BBX 3 4 5 0
BITMAP
20
20
40
80
ENDCHAR
STARTCHAR 25DF
ENCODING 9695
SWIDTH 800 0
DWIDTH 8 0
BBX 3 3 1 1
BITMAP
80
80
60
ENDCHAR
STARTCHAR 25E0
ENCODING 9696
SWIDTH 800 0
DWIDTH 8 0
BBX 7 3 1 4
BITMAP
78
84
82
ENDCHAR
STARTCHAR 25E1
ENCODING 9697
SWIDTH 800 0
DWIDTH 8 0
BBX 7 4 1 0
BITMAP
02
82
84
78
ENDCHAR
STARTCHAR 25E2
ENCODING 9698
SWIDTH 800 0
DWIDTH 8 0
BBX 7 7 1 0
BITMAP
02
06
0E
1E
3E
7E
FE
ENDCHAR
STARTCHAR 25E3
ENCODING 9699
SWIDTH 800 0
DWIDTH 8 0
BBX 6 7 1 0
BITMAP
80
80
C0
E0
F0
F8
FC
ENDCHAR
STARTCHAR 25E4
ENCODING 9700
SWIDTH 800 0
DWIDTH 8 0
BBX 6 7 1 0
BITMAP
FC
F8
F0
E0
C0
80
80
ENDCHAR
STARTCHAR 25E5
ENCODING 9701
SWIDTH 800 0
DWIDTH 8 0
BBX 7 7 1 0
BITMAP
FE
7E
3E
1E
0E
06
02
ENDCHAR
STARTCHAR 25E6
ENCODING 9702
SWIDTH 200 0
DWIDTH 2 0
BBX 3 3 0 2
BITMAP
40
A0
40
ENDCHAR
STARTCHAR 25E7
ENCODING 9703
SWIDTH 800 0
DWIDTH 8 0
BBX 7 7 1 0
BITMAP
FE
E2
E2
E2
E2
E2
FE
ENDCHAR
STARTCHAR 25E8
ENCODING 9704
SWIDTH 800 0
DWIDTH 8 0
BBX 7 7 1 0
BITMAP
FE
9E
9E
9E
9E
9E
FE
ENDCHAR
STARTCHAR 25E9
ENCODING 9705
SWIDTH 800 0
DWIDTH 8 0
BBX 7 7 1 0
BITMAP
FE
FA
F2
E2
C2
82
FE
ENDCHAR
STARTCHAR 25EA
ENCODING 9706
SWIDTH 800 0
DWIDTH 8 0
BBX 7 7 1 0
BITMAP
FE
86
8E
9E
BE
FE
FE
ENDCHAR
STARTCHAR 25EB
ENCODING 9707
SWIDTH 800 0
DWIDTH 8 0
BBX 7 7 1 0
BITMAP
FE
A2
A2
A2
A2
A2
FE
ENDCHAR
STARTCHAR 25EC
ENCODING 9708
SWIDTH 900 0
DWIDTH 9 0
BBX 7 7 1 0
BITMAP
10
10
28
44
44
92
FE
ENDCHAR
STARTCHAR 25ED
ENCODING 9709
SWIDTH 900 0
DWIDTH 9 0
BBX 7 7 1 0
BITMAP
10
10
38
34
74
F2
FE
ENDCHAR
STARTCHAR 25EE
ENCODING 9710
SWIDTH 900 0
DWIDTH 9 0
BBX 7 7 1 0
BITMAP
10
10
28
4C
4C
8E
FE
ENDCHAR
STARTCHAR 25EF
ENCODING 9711
SWIDTH 900 0
DWIDTH 9 0
BBX 8 8 1 0
BITMAP
7C
82
81
81
81
82
82
7C
ENDCHAR
STARTCHAR 25F0
ENCODING 9712
SWIDTH 800 0
DWIDTH 8 0
BBX 7 7 1 0
BITMAP
FE
A2
A2
E2
82
82
FE
ENDCHAR
STARTCHAR 25F1
ENCODING 9713
SWIDTH 800 0
DWIDTH 8 0
BBX 7 7 1 0
BITMAP
FE
82
82
E2
A2
A2
FE
ENDCHAR
STARTCHAR 25F2
ENCODING 9714
SWIDTH 800 0
DWIDTH 8 0
BBX 7 7 1 0
BITMAP
FE
82
82
9E
A2
A2
FE
ENDCHAR
STARTCHAR 25F3
ENCODING 9715
SWIDTH 800 0
DWIDTH 8 0
BBX 7 7 1 0
BITMAP
FE
A2
A2
9E
82
82
FE
ENDCHAR
STARTCHAR 25F4
ENCODING 9716
SWIDTH 800 0
DWIDTH 8 0
BBX 7 7 1 0
BITMAP
78
A4
A2
E2
82
84
78
ENDCHAR
STARTCHAR 25F5
ENCODING 9717
SWIDTH 800 0
DWIDTH 8 0
BBX 7 7 1 0
BITMAP
78
84
82
E2
A2
A4
78
ENDCHAR
STARTCHAR 25F6
ENCODING 9718
SWIDTH 800 0
DWIDTH 8 0
BBX 7 7 1 0
BITMAP
78
84
82
9E
A2
A4
78
ENDCHAR
STARTCHAR 25F7
ENCODING 9719
SWIDTH 800 0
DWIDTH 8 0
BBX 7 7 1 0
BITMAP
78
A4
A2
9E
82
84
78
ENDCHAR
STARTCHAR 25F8
ENCODING 9720
SWIDTH 800 0
DWIDTH 8 0
BBX 6 7 1 0
BITMAP
FC
88
90
A0
C0
80
80
ENDCHAR
STARTCHAR 25F9
ENCODING 9721
SWIDTH 800 0
DWIDTH 8 0
BBX 7 7 1 0
BITMAP
FE
42
22
12
0A
06
02
ENDCHAR
STARTCHAR 25FA
ENCODING 9722
SWIDTH 800 0
DWIDTH 8 0
BBX 6 7 1 0
BITMAP
80
80
C0
A0
90
88
FC
ENDCHAR
STARTCHAR 25FB
ENCODING 9723
SWIDTH 600 0
DWIDTH 6 0
BBX 5 5 1 1
BITMAP
F8
88
88
88
F8
ENDCHAR
STARTCHAR 25FC
ENCODING 9724
SWIDTH 600 0
DWIDTH 6 0
BBX 5 5 1 1
BITMAP
F8
F8
F8
F8
F8
ENDCHAR
STARTCHAR 25FD
ENCODING 9725
SWIDTH 500 0
DWIDTH 5 0
BBX 4 5 1 1
BITMAP
F0
90
90
90
F0
ENDCHAR
STARTCHAR 25FE
ENCODING 9726
SWIDTH 500 0
DWIDTH 5 0
BBX 4 5 1 1
BITMAP
F0
F0
F0
F0
F0
ENDCHAR
STARTCHAR 25FF
ENCODING 9727
SWIDTH 800 0
DWIDTH 8 0
BBX 7 7 1 0
BITMAP
02
06
0A
12
22
42
FE
ENDCHAR
STARTCHAR 2605
ENCODING 9733
SWIDTH 800 0
DWIDTH 8 0
BBX 6 5 1 1
BITMAP
20
30
FC
30
78
ENDCHAR
STARTCHAR 2606
ENCODING 9734
SWIDTH 800 0
DWIDTH 8 0
BBX 6 5 1 1
BITMAP
20
30
CC
50
78
ENDCHAR
STARTCHAR 2609
ENCODING 9737
SWIDTH 800 0
DWIDTH 8 0
BBX 7 7 1 0
BITMAP
7C
82
82
92
82
82
7C
ENDCHAR
STARTCHAR 2621
ENCODING 9761
SWIDTH 600 0
DWIDTH 6 0
BBX 5 7 1 0
BITMAP
F8
08
10
20
40
80
F8
ENDCHAR
STARTCHAR 263B
ENCODING 9787
SWIDTH 700 0
DWIDTH 7 0
BBX 6 7 1 0
BITMAP
78
FC
B4
FC
BC
FC
78
ENDCHAR
STARTCHAR 263C
ENCODING 9788
SWIDTH 1200 0
DWIDTH 12 0
BBX 9 9 2 -1
BITMAP
0800
4800
1E00
2200
E380
2400
3A00
0900
0800
ENDCHAR
STARTCHAR 263D
ENCODING 9789
SWIDTH 500 0
DWIDTH 5 0
BBX 4 7 1 0
BITMAP
E0
50
30
30
30
60
C0
ENDCHAR
STARTCHAR 263E
ENCODING 9790
SWIDTH 500 0
DWIDTH 5 0
BBX 4 7 1 0
BITMAP
70
C0
80
80
80
C0
70
ENDCHAR
STARTCHAR 2640
ENCODING 9792
SWIDTH 500 0
DWIDTH 5 0
BBX 4 7 1 0
BITMAP
40
A0
90
A0
40
E0
40
ENDCHAR
STARTCHAR 2642
ENCODING 9794
SWIDTH 600 0
DWIDTH 6 0
BBX 5 5 1 0
BITMAP
08
F0
90
90
E0
ENDCHAR
STARTCHAR 2660
ENCODING 9824
SWIDTH 700 0
DWIDTH 7 0
BBX 6 7 1 0
BITMAP
20
70
F8
FC
FC
20
F8
ENDCHAR
STARTCHAR 2661
ENCODING 9825
SWIDTH 700 0
DWIDTH 7 0
BBX 6 7 1 0
BITMAP
FC
A4
84
88
50
50
20
ENDCHAR
STARTCHAR 2662
ENCODING 9826
SWIDTH 600 0
DWIDTH 6 0
BBX 5 7 1 0
BITMAP
20
60
90
88
90
60
40
ENDCHAR
STARTCHAR 2663
ENCODING 9827
SWIDTH 800 0
DWIDTH 8 0
BBX 7 7 1 0
BITMAP
38
38
FE
FE
FE
10
7C
ENDCHAR
STARTCHAR 2664
ENCODING 9828
SWIDTH 700 0
DWIDTH 7 0
BBX 6 7 1 0
BITMAP
20
50
88
84
D8
50
F8
ENDCHAR
STARTCHAR 2665
ENCODING 9829
SWIDTH 700 0
DWIDTH 7 0
BBX 6 7 1 0
BITMAP
FC
FC
FC
F8
70
30
20
ENDCHAR
STARTCHAR 2666
ENCODING 9830
SWIDTH 600 0
DWIDTH 6 0
BBX 5 7 1 0
BITMAP
20
60
F0
F8
F0
60
40
ENDCHAR
STARTCHAR 2667
ENCODING 9831
SWIDTH 800 0
DWIDTH 8 0
BBX 7 7 1 0
BITMAP
78
48
8E
82
A2
7C
7C
ENDCHAR
STARTCHAR 2669
ENCODING 9833
SWIDTH 300 0
DWIDTH 3 0
BBX 2 6 1 0
BITMAP
40
40
40
40
C0
80
ENDCHAR
STARTCHAR 266A
ENCODING 9834
SWIDTH 400 0
DWIDTH 4 0
BBX 3 6 1 0
BITMAP
40
60
60
60
C0
80
ENDCHAR
STARTCHAR 266B
ENCODING 9835
SWIDTH 600 0
DWIDTH 6 0
BBX 5 6 1 1
BITMAP
78
48
48
48
48
98
ENDCHAR
STARTCHAR 266C
ENCODING 9836
SWIDTH 600 0
DWIDTH 6 0
BBX 5 6 1 1
BITMAP
78
58
68
48
48
98
ENDCHAR
STARTCHAR 266D
ENCODING 9837
SWIDTH 300 0
DWIDTH 3 0
BBX 2 5 1 1
BITMAP
80
80
C0
C0
80
ENDCHAR
STARTCHAR 266E
ENCODING 9838
SWIDTH 300 0
DWIDTH 3 0
BBX 2 4 1 -1
BITMAP
C0
C0
C0
C0
ENDCHAR
STARTCHAR 266F
ENCODING 9839
SWIDTH 500 0
DWIDTH 5 0
BBX 4 8 1 -2
BITMAP
90
E0
A0
A0
B0
E0
80
80
ENDCHAR
STARTCHAR 267E
ENCODING 9854
SWIDTH 700 0
DWIDTH 7 0
BBX 6 7 1 0
BITMAP
78
84
FC
AC
DC
84
78
ENDCHAR
STARTCHAR 2680
ENCODING 9856
SWIDTH 700 0
DWIDTH 7 0
BBX 6 7 1 0
BITMAP
FC
84
84
A4
84
84
FC
ENDCHAR
STARTCHAR 2681
ENCODING 9857
SWIDTH 700 0
DWIDTH 7 0
BBX 6 7 1 0
BITMAP
FC
C4
84
84
84
8C
FC
ENDCHAR
STARTCHAR 2682
ENCODING 9858
SWIDTH 700 0
DWIDTH 7 0
BBX 6 7 1 0
BITMAP
FC
C4
84
A4
84
8C
FC
ENDCHAR
STARTCHAR 2683
ENCODING 9859
SWIDTH 700 0
DWIDTH 7 0
BBX 6 7 1 0
BITMAP
FC
CC
84
84
84
CC
FC
ENDCHAR
STARTCHAR 2684
ENCODING 9860
SWIDTH 700 0
DWIDTH 7 0
BBX 6 7 1 0
BITMAP
FC
CC
84
A4
84
CC
FC
ENDCHAR
STARTCHAR 2685
ENCODING 9861
SWIDTH 700 0
DWIDTH 7 0
BBX 6 7 1 0
BITMAP
FC
CC
84
CC
84
CC
FC
ENDCHAR
STARTCHAR 2686
ENCODING 9862
SWIDTH 700 0
DWIDTH 7 0
BBX 6 7 1 0
BITMAP
78
84
84
8C
84
84
78
ENDCHAR
STARTCHAR 2687
ENCODING 9863
SWIDTH 700 0
DWIDTH 7 0
BBX 6 7 1 0
BITMAP
78
84
84
CC
84
84
78
ENDCHAR
STARTCHAR 2688
ENCODING 9864
SWIDTH 700 0
DWIDTH 7 0
BBX 6 7 1 0
BITMAP
78
FC
FC
F4
FC
FC
78
ENDCHAR
STARTCHAR 2689
ENCODING 9865
SWIDTH 700 0
DWIDTH 7 0
BBX 6 7 1 0
BITMAP
78
FC
FC
B4
FC
FC
78
ENDCHAR
STARTCHAR 26A5
ENCODING 9893
SWIDTH 600 0
DWIDTH 6 0
BBX 5 8 1 0
BITMAP
18
58
A0
90
A0
40
E0
40
ENDCHAR
STARTCHAR 26AA
ENCODING 9898
SWIDTH 500 0
DWIDTH 5 0
BBX 4 5 1 1
BITMAP
E0
90
90
90
60
ENDCHAR
STARTCHAR 26AB
ENCODING 9899
SWIDTH 500 0
DWIDTH 5 0
BBX 4 5 1 1
BITMAP
E0
F0
F0
F0
60
ENDCHAR
STARTCHAR 26AC
ENCODING 9900
SWIDTH 500 0
DWIDTH 5 0
BBX 4 5 1 1
BITMAP
60
90
90
A0
40
ENDCHAR
STARTCHAR 26B2
ENCODING 9906
SWIDTH 500 0
DWIDTH 5 0
BBX 4 7 1 0
BITMAP
40
A0
90
A0
40
40
40
ENDCHAR
STARTCHAR 2713
ENCODING 10003
SWIDTH 700 0
DWIDTH 7 0
BBX 6 7 1 0
BITMAP
04
0C
08
90
90
A0
60
ENDCHAR
STARTCHAR 2720
ENCODING 10016
SWIDTH 600 0
DWIDTH 6 0
BBX 5 5 1 1
BITMAP
60
A8
F8
20
60
ENDCHAR
STARTCHAR 272A
ENCODING 10026
SWIDTH 800 0
DWIDTH 8 0
BBX 7 7 1 -1
BITMAP
7C
EC
82
C6
C6
BC
78
ENDCHAR
STARTCHAR 2736
ENCODING 10038
SWIDTH 700 0
DWIDTH 7 0
BBX 6 6 1 1
BITMAP
20
20
FC
30
F8
24
ENDCHAR
STARTCHAR 2739
ENCODING 10041
SWIDTH 800 0
DWIDTH 8 0
BBX 6 5 1 1
BITMAP
78
FC
FC
78
EC
ENDCHAR
STARTCHAR 273D
ENCODING 10045
SWIDTH 700 0
DWIDTH 7 0
BBX 6 7 1 0
BITMAP
20
20
AC
50
68
AC
20
ENDCHAR
STARTCHAR 2772
ENCODING 10098
SWIDTH 200 0
DWIDTH 2 0
BBX 1 8 1 -1
BITMAP
80
80
80
80
80
80
80
80
ENDCHAR
STARTCHAR 2773
ENCODING 10099
SWIDTH 200 0
DWIDTH 2 0
BBX 2 10 0 -2
BITMAP
80
40
40
40
40
40
40
40
80
80
ENDCHAR
STARTCHAR 279B
ENCODING 10139
SWIDTH 1000 0
DWIDTH 10 0
BBX 8 4 1 1
BITMAP
20
1C
FF
20
ENDCHAR
STARTCHAR 27C0
ENCODING 10176
SWIDTH 600 0
DWIDTH 6 0
BBX 5 5 1 1
BITMAP
80
90
E0
80
F8
ENDCHAR
STARTCHAR 27C1
ENCODING 10177
SWIDTH 800 0
DWIDTH 8 0
BBX 7 7 1 0
BITMAP
10
30
28
58
74
BC
FE
ENDCHAR
STARTCHAR 27C2
ENCODING 10178
SWIDTH 700 0
DWIDTH 7 0
BBX 6 7 1 0
BITMAP
20
20
20
20
20
20
FC
ENDCHAR
STARTCHAR 27C3
ENCODING 10179
SWIDTH 600 0
DWIDTH 6 0
BBX 5 6 1 0
BITMAP
78
80
B8
A8
98
F8
ENDCHAR
STARTCHAR 27C4
ENCODING 10180
SWIDTH 600 0
DWIDTH 6 0
BBX 5 6 1 0
BITMAP
F0
08
C8
A8
C8
F8
ENDCHAR
STARTCHAR 27C5
ENCODING 10181
SWIDTH 300 0
DWIDTH 3 0
BBX 2 10 1 -2
BITMAP
C0
C0
40
40
40
80
80
80
80
40
ENDCHAR
STARTCHAR 27C6
ENCODING 10182
SWIDTH 300 0
DWIDTH 3 0
BBX 2 10 1 -2
BITMAP
C0
C0
80
80
80
40
40
40
40
80
ENDCHAR
STARTCHAR 27C7
ENCODING 10183
SWIDTH 700 0
DWIDTH 7 0
BBX 5 5 1 1
BITMAP
A8
88
50
50
20
ENDCHAR
STARTCHAR 27C8
ENCODING 10184
SWIDTH 1000 0
DWIDTH 10 0
BBX 9 8 1 -2
BITMAP
8000
8F80
9000
A000
A000
5000
4F80
4000
ENDCHAR
STARTCHAR 27C9
ENCODING 10185
SWIDTH 1000 0
DWIDTH 10 0
BBX 8 7 1 -1
BITMAP
F1
09
09
0A
0A
FA
02
ENDCHAR
STARTCHAR 27CA
ENCODING 10186
SWIDTH 300 0
DWIDTH 3 0
BBX 2 9 1 -2
BITMAP
80
80
80
80
C0
80
80
80
80
ENDCHAR
STARTCHAR 27CB
ENCODING 10187
SWIDTH 800 0
DWIDTH 8 0
BBX 7 6 1 -1
BITMAP
06
08
10
20
40
80
ENDCHAR
STARTCHAR 27CC
ENCODING 10188
SWIDTH 300 0
DWIDTH 3 0
BBX 3 10 1 -1
BITMAP
E0
80
80
40
40
40
40
40
80
80
ENDCHAR
STARTCHAR 27CD
ENCODING 10189
SWIDTH 800 0
DWIDTH 8 0
BBX 7 6 1 -1
BITMAP
80
40
20
10
08
06
ENDCHAR
STARTCHAR 27CE
ENCODING 10190
SWIDTH 700 0
DWIDTH 7 0
BBX 6 7 1 -1
BITMAP
FC
A4
B4
D4
8C
84
FC
ENDCHAR
STARTCHAR 27CF
ENCODING 10191
SWIDTH 700 0
DWIDTH 7 0
BBX 6 7 1 -1
BITMAP
FC
8C
CC
D4
B4
A4
FC
ENDCHAR
STARTCHAR 27D0
ENCODING 10192
SWIDTH 800 0
DWIDTH 8 0
BBX 7 7 1 0
BITMAP
30
48
84
92
44
28
10
ENDCHAR
STARTCHAR 27D1
ENCODING 10193
SWIDTH 700 0
DWIDTH 7 0
BBX 5 6 1 0
BITMAP
20
60
50
50
A8
88
ENDCHAR
STARTCHAR 27D2
ENCODING 10194
SWIDTH 600 0
DWIDTH 6 0
BBX 5 6 1 0
BITMAP
20
A8
A8
A8
A8
F0
ENDCHAR
STARTCHAR 27D3
ENCODING 10195
SWIDTH 600 0
DWIDTH 6 0
BBX 5 6 1 0
BITMAP
08
08
48
08
08
F8
ENDCHAR
STARTCHAR 27D4
ENCODING 10196
SWIDTH 600 0
DWIDTH 6 0
BBX 5 6 1 0
BITMAP
F8
80
80
A0
80
80
ENDCHAR
STARTCHAR 27D5
ENCODING 10197
SWIDTH 900 0
DWIDTH 9 0
BBX 8 7 1 -1
BITMAP
C1
23
55
4D
53
21
C0
ENDCHAR
STARTCHAR 27D6
ENCODING 10198
SWIDTH 900 0
DWIDTH 9 0
BBX 8 7 1 -1
BITMAP
87
8C
D4
B4
CC
84
03
ENDCHAR
STARTCHAR 27D7
ENCODING 10199
SWIDTH 1100 0
DWIDTH 11 0
BBX 10 7 1 0
BITMAP
C0C0
2100
5300
4D00
5500
2300
C1C0
ENDCHAR
STARTCHAR 27D8
ENCODING 10200
SWIDTH 700 0
DWIDTH 7 0
BBX 6 8 1 0
BITMAP
20
20
20
20
20
20
20
FC
ENDCHAR
STARTCHAR 27D9
ENCODING 10201
SWIDTH 700 0
DWIDTH 7 0
BBX 6 8 1 0
BITMAP
FC
20
20
20
20
20
20
20
ENDCHAR
STARTCHAR 27DA
ENCODING 10202
SWIDTH 1300 0
DWIDTH 13 0
BBX 12 7 1 0
BITMAP
0A00
0A00
FBF0
0A00
0A00
FBE0
0A00
ENDCHAR
STARTCHAR 27DB
ENCODING 10203
SWIDTH 1300 0
DWIDTH 13 0
BBX 12 7 1 0
BITMAP
0A00
0A00
0A00
FBF0
0A00
0A00
0A00
ENDCHAR
STARTCHAR 27DC
ENCODING 10204
SWIDTH 900 0
DWIDTH 9 0
BBX 8 3 1 1
BITMAP
E0
BF
C0
ENDCHAR
STARTCHAR 27DD
ENCODING 10205
SWIDTH 800 0
DWIDTH 8 0
BBX 7 4 1 1
BITMAP
80
80
FE
80
ENDCHAR
STARTCHAR 27DE
ENCODING 10206
SWIDTH 800 0
DWIDTH 8 0
BBX 7 4 1 1
BITMAP
02
02
FE
02
ENDCHAR
STARTCHAR 27DF
ENCODING 10207
SWIDTH 300 0
DWIDTH 3 0
BBX 2 7 1 0
BITMAP
C0
C0
80
80
80
80
C0
ENDCHAR
STARTCHAR 27E0
ENCODING 10208
SWIDTH 500 0
DWIDTH 5 0
BBX 4 6 1 -1
BITMAP
60
A0
90
F0
90
60
ENDCHAR
STARTCHAR 27E1
ENCODING 10209
SWIDTH 800 0
DWIDTH 8 0
BBX 6 6 1 -1
BITMAP
30
50
CC
84
48
30
ENDCHAR
STARTCHAR 27E2
ENCODING 10210
SWIDTH 800 0
DWIDTH 8 0
BBX 8 6 0 -1
BITMAP
08
14
22
E1
12
0C
ENDCHAR
STARTCHAR 27E3
ENCODING 10211
SWIDTH 800 0
DWIDTH 8 0
BBX 8 6 1 -1
BITMAP
30
50
CC
87
48
30
ENDCHAR
STARTCHAR 27E4
ENCODING 10212
SWIDTH 800 0
DWIDTH 8 0
BBX 8 7 0 -1
BITMAP
3F
41
41
C1
41
41
3F
ENDCHAR
STARTCHAR 27E5
ENCODING 10213
SWIDTH 800 0
DWIDTH 8 0
BBX 8 7 1 -1
BITMAP
FC
84
84
87
84
84
FC
ENDCHAR
STARTCHAR 27E6
ENCODING 10214
SWIDTH 400 0
DWIDTH 4 0
BBX 3 10 1 -2
BITMAP
E0
C0
C0
C0
C0
C0
C0
C0
C0
E0
ENDCHAR
STARTCHAR 27E7
ENCODING 10215
SWIDTH 400 0
DWIDTH 4 0
BBX 4 10 0 -2
BITMAP
F0
50
50
50
50
50
50
50
50
F0
ENDCHAR
STARTCHAR 27E8
ENCODING 10216
SWIDTH 400 0
DWIDTH 4 0
BBX 3 10 1 -2
BITMAP
20
40
40
80
80
80
80
40
40
20
ENDCHAR
STARTCHAR 27E9
ENCODING 10217
SWIDTH 400 0
DWIDTH 4 0
BBX 3 9 0 -1
BITMAP
40
40
20
20
20
40
40
40
80
ENDCHAR
STARTCHAR 27EA
ENCODING 10218
SWIDTH 500 0
DWIDTH 5 0
BBX 5 10 1 -2
BITMAP
30
50
60
A0
C0
A0
A0
50
50
28
ENDCHAR
STARTCHAR 27EB
ENCODING 10219
SWIDTH 500 0
DWIDTH 5 0
BBX 5 10 0 -2
BITMAP
20
50
50
30
28
28
50
50
60
A0
ENDCHAR
STARTCHAR 27EC
ENCODING 10220
SWIDTH 300 0
DWIDTH 3 0
BBX 2 9 1 -2
BITMAP
40
40
C0
C0
C0
C0
C0
C0
40
ENDCHAR
STARTCHAR 27ED
ENCODING 10221
SWIDTH 300 0
DWIDTH 3 0
BBX 3 9 0 -1
BITMAP
40
60
60
60
60
60
60
40
80
ENDCHAR
STARTCHAR 27EE
ENCODING 10222
SWIDTH 300 0
DWIDTH 3 0
BBX 2 10 1 -2
BITMAP
40
80
80
80
80
80
80
80
80
40
ENDCHAR
STARTCHAR 27EF
ENCODING 10223
SWIDTH 300 0
DWIDTH 3 0
BBX 3 10 0 -2
BITMAP
40
40
40
20
20
20
20
40
40
80
ENDCHAR
STARTCHAR 27F0
ENCODING 10224
SWIDTH 900 0
DWIDTH 9 0
BBX 8 9 1 -2
BITMAP
18
6E
EB
6A
6A
6A
6A
6A
4A
ENDCHAR
STARTCHAR 27F1
ENCODING 10225
SWIDTH 900 0
DWIDTH 9 0
BBX 8 9 1 -2
BITMAP
6A
6A
6A
6A
6A
6A
EB
3C
10
ENDCHAR
STARTCHAR 27F2
ENCODING 10226
SWIDTH 1200 0
DWIDTH 12 0
BBX 11 9 1 -2
BITMAP
0F00
10C0
2040
A040
7020
2040
0040
1880
0700
ENDCHAR
STARTCHAR 27F3
ENCODING 10227
SWIDTH 1200 0
DWIDTH 12 0
BBX 11 9 1 -2
BITMAP
1E00
6100
4080
80A0
81C0
8080
4100
2200
1C00
ENDCHAR
STARTCHAR 27F4
ENCODING 10228
SWIDTH 1100 0
DWIDTH 11 0
BBX 10 6 1 0
BITMAP
1800
7500
5280
FFC0
5280
3C00
ENDCHAR
STARTCHAR 27F5
ENCODING 10229
SWIDTH 1500 0
DWIDTH 15 0
BBX 14 4 1 1
BITMAP
4000
C000
FFFC
4000
ENDCHAR
STARTCHAR 27F6
ENCODING 10230
SWIDTH 1500 0
DWIDTH 15 0
BBX 14 4 1 1
BITMAP
0010
0008
FFFC
0008
ENDCHAR
STARTCHAR 27F7
ENCODING 10231
SWIDTH 1600 0
DWIDTH 16 0
BBX 15 4 1 1
BITMAP
4000
C004
FFFE
4004
ENDCHAR
STARTCHAR 27F8
ENCODING 10232
SWIDTH 1500 0
DWIDTH 15 0
BBX 14 6 1 0
BITMAP
2000
4000
FFFC
8000
7FFC
4000
ENDCHAR
STARTCHAR 27F9
ENCODING 10233
SWIDTH 1500 0
DWIDTH 15 0
BBX 14 6 1 0
BITMAP
0010
0018
FFF8
0004
FFF8
0010
ENDCHAR
STARTCHAR 27FA
ENCODING 10234
SWIDTH 1600 0
DWIDTH 16 0
BBX 15 6 1 0
BITMAP
2008
4004
FFFE
8002
7FFC
4008
ENDCHAR
STARTCHAR 27FB
ENCODING 10235
SWIDTH 1500 0
DWIDTH 15 0
BBX 14 4 1 1
BITMAP
4004
C004
FFFC
4004
ENDCHAR
STARTCHAR 27FC
ENCODING 10236
SWIDTH 1500 0
DWIDTH 15 0
BBX 14 4 1 1
BITMAP
0010
8008
FFFC
8008
ENDCHAR
STARTCHAR 27FD
ENCODING 10237
SWIDTH 1500 0
DWIDTH 15 0
BBX 14 6 1 0
BITMAP
2004
4004
FFFC
8004
7FFC
4004
ENDCHAR
STARTCHAR 27FE
ENCODING 10238
SWIDTH 1500 0
DWIDTH 15 0
BBX 14 6 1 0
BITMAP
0010
8018
FFF8
8004
FFF8
8010
ENDCHAR
STARTCHAR 27FF
ENCODING 10239
SWIDTH 1600 0
DWIDTH 16 0
BBX 15 3 1 2
BITMAP
4004
FFFE
0004
ENDCHAR
STARTCHAR 2900
ENCODING 10496
SWIDTH 1000 0
DWIDTH 10 0
BBX 9 4 1 1
BITMAP
2A00
2500
FF80
2A00
ENDCHAR
STARTCHAR 2901
ENCODING 10497
SWIDTH 1100 0
DWIDTH 11 0
BBX 10 4 1 1
BITMAP
5500
5280
FFC0
5500
ENDCHAR
STARTCHAR 2902
ENCODING 10498
SWIDTH 1000 0
DWIDTH 10 0
BBX 9 6 1 0
BITMAP
2400
4400
FF80
8400
7F80
4400
ENDCHAR
STARTCHAR 2903
ENCODING 10499
SWIDTH 1000 0
DWIDTH 10 0
BBX 8 6 1 0
BITMAP
24
22
FF
21
FE
24
ENDCHAR
STARTCHAR 2904
ENCODING 10500
SWIDTH 1200 0
DWIDTH 12 0
BBX 11 6 1 0
BITMAP
2480
4440
FFE0
8420
7FC0
4480
ENDCHAR
STARTCHAR 2905
ENCODING 10501
SWIDTH 1000 0
DWIDTH 10 0
BBX 8 4 1 1
BITMAP
0A
85
FF
8A
ENDCHAR
STARTCHAR 2906
ENCODING 10502
SWIDTH 1000 0
DWIDTH 10 0
BBX 9 6 1 0
BITMAP
2080
4080
FF80
8080
7F80
4080
ENDCHAR
STARTCHAR 2907
ENCODING 10503
SWIDTH 1000 0
DWIDTH 10 0
BBX 8 6 1 0
BITMAP
04
82
FF
81
FE
84
ENDCHAR
STARTCHAR 2908
ENCODING 10504
SWIDTH 500 0
DWIDTH 5 0
BBX 4 9 1 -2
BITMAP
40
40
40
F0
40
40
D0
60
40
ENDCHAR
STARTCHAR 2909
ENCODING 10505
SWIDTH 500 0
DWIDTH 5 0
BBX 3 9 1 -2
BITMAP
40
E0
40
40
40
E0
40
40
40
ENDCHAR
STARTCHAR 290A
ENCODING 10506
SWIDTH 900 0
DWIDTH 9 0
BBX 7 9 1 -1
BITMAP
10
38
D6
54
54
54
54
54
54
ENDCHAR
STARTCHAR 290B
ENCODING 10507
SWIDTH 900 0
DWIDTH 9 0
BBX 7 9 1 -1
BITMAP
54
54
54
54
54
54
D6
7C
38
ENDCHAR
STARTCHAR 290C
ENCODING 10508
SWIDTH 900 0
DWIDTH 9 0
BBX 8 4 1 1
BITMAP
40
C0
F7
40
ENDCHAR
STARTCHAR 290D
ENCODING 10509
SWIDTH 900 0
DWIDTH 9 0
BBX 7 4 1 1
BITMAP
04
02
DE
04
ENDCHAR
STARTCHAR 290E
ENCODING 10510
SWIDTH 1000 0
DWIDTH 10 0
BBX 9 4 1 1
BITMAP
4000
C000
ED80
4000
ENDCHAR
STARTCHAR 290F
ENCODING 10511
SWIDTH 1000 0
DWIDTH 10 0
BBX 9 4 1 1
BITMAP
0200
0100
FF80
0100
ENDCHAR
STARTCHAR 2910
ENCODING 10512
SWIDTH 900 0
DWIDTH 9 0
BBX 11 4 -1 1
BITMAP
8140
40A0
6DE0
4140
ENDCHAR
STARTCHAR 2911
ENCODING 10513
SWIDTH 1000 0
DWIDTH 10 0
BBX 8 4 2 1
BITMAP
04
02
B7
02
ENDCHAR
STARTCHAR 2912
ENCODING 10514
SWIDTH 500 0
DWIDTH 5 0
BBX 4 9 1 -1
BITMAP
F0
40
E0
50
40
40
40
40
40
ENDCHAR
STARTCHAR 2913
ENCODING 10515
SWIDTH 500 0
DWIDTH 5 0
BBX 3 9 1 -1
BITMAP
40
40
40
40
40
40
E0
40
E0
ENDCHAR
STARTCHAR 2914
ENCODING 10516
SWIDTH 1000 0
DWIDTH 10 0
BBX 8 4 1 1
BITMAP
82
91
7F
92
ENDCHAR
STARTCHAR 2915
ENCODING 10517
SWIDTH 1000 0
DWIDTH 10 0
BBX 8 4 1 1
BITMAP
8A
A9
7F
AA
ENDCHAR
STARTCHAR 2916
ENCODING 10518
SWIDTH 1200 0
DWIDTH 12 0
BBX 11 4 1 1
BITMAP
8280
8140
7FE0
8140
ENDCHAR
STARTCHAR 2917
ENCODING 10519
SWIDTH 1200 0
DWIDTH 12 0
BBX 11 4 1 1
BITMAP
8280
9140
7FE0
9140
ENDCHAR
STARTCHAR 2918
ENCODING 10520
SWIDTH 1200 0
DWIDTH 12 0
BBX 11 4 1 1
BITMAP
9280
9940
7FE0
9940
ENDCHAR
STARTCHAR 2919
ENCODING 10521
SWIDTH 1000 0
DWIDTH 10 0
BBX 9 4 1 1
BITMAP
0080
0100
FE00
0100
ENDCHAR
STARTCHAR 291A
ENCODING 10522
SWIDTH 1000 0
DWIDTH 10 0
BBX 9 4 1 1
BITMAP
8000
8000
7F80
8000
ENDCHAR
STARTCHAR 291B
ENCODING 10523
SWIDTH 1000 0
DWIDTH 10 0
BBX 9 4 1 1
BITMAP
0280
0500
FE00
0500
ENDCHAR
STARTCHAR 291C
ENCODING 10524
SWIDTH 1000 0
DWIDTH 10 0
BBX 9 4 1 1
BITMAP
8000
A000
7F80
A000
ENDCHAR
STARTCHAR 291D
ENCODING 10525
SWIDTH 1000 0
DWIDTH 10 0
BBX 9 4 1 1
BITMAP
4400
EC00
EF80
4400
ENDCHAR
STARTCHAR 291E
ENCODING 10526
SWIDTH 1000 0
DWIDTH 10 0
BBX 9 4 1 1
BITMAP
2000
1300
FF80
1300
ENDCHAR
STARTCHAR 291F
ENCODING 10527
SWIDTH 1000 0
DWIDTH 10 0
BBX 9 4 1 1
BITMAP
4480
EC80
EF80
4480
ENDCHAR
STARTCHAR 2920
ENCODING 10528
SWIDTH 1000 0
DWIDTH 10 0
BBX 9 4 1 1
BITMAP
2000
9300
FF80
9300
ENDCHAR
STARTCHAR 2921
ENCODING 10529
SWIDTH 800 0
DWIDTH 8 0
BBX 7 7 1 0
BITMAP
C0
C0
A0
10
0A
06
0E
ENDCHAR
STARTCHAR 2922
ENCODING 10530
SWIDTH 800 0
DWIDTH 8 0
BBX 7 7 1 0
BITMAP
0E
0A
12
20
C0
80
E0
ENDCHAR
STARTCHAR 2923
ENCODING 10531
SWIDTH 700 0
DWIDTH 7 0
BBX 6 8 1 -1
BITMAP
E0
80
C0
20
10
08
24
1C
ENDCHAR
STARTCHAR 2924
ENCODING 10532
SWIDTH 700 0
DWIDTH 7 0
BBX 6 8 1 -1
BITMAP
1C
0C
14
20
40
80
80
E0
ENDCHAR
STARTCHAR 2925
ENCODING 10533
SWIDTH 700 0
DWIDTH 7 0
BBX 6 8 1 -1
BITMAP
C0
A0
80
40
20
14
0C
1C
ENDCHAR
STARTCHAR 2926
ENCODING 10534
SWIDTH 700 0
DWIDTH 7 0
BBX 6 8 1 -1
BITMAP
18
24
04
08
10
A0
C0
E0
ENDCHAR
STARTCHAR 2927
ENCODING 10535
SWIDTH 800 0
DWIDTH 8 0
BBX 7 7 1 0
BITMAP
CE
C6
28
10
28
44
82
ENDCHAR
STARTCHAR 2928
ENCODING 10536
SWIDTH 800 0
DWIDTH 8 0
BBX 7 7 1 0
BITMAP
8E
46
2A
10
2A
46
8E
ENDCHAR
STARTCHAR 2929
ENCODING 10537
SWIDTH 800 0
DWIDTH 8 0
BBX 7 7 1 0
BITMAP
82
44
28
10
AA
C6
EE
ENDCHAR
STARTCHAR 292A
ENCODING 10538
SWIDTH 800 0
DWIDTH 8 0
BBX 7 7 1 0
BITMAP
C2
C4
28
10
A8
C4
E2
ENDCHAR
STARTCHAR 292B
ENCODING 10539
SWIDTH 800 0
DWIDTH 8 0
BBX 7 7 1 0
BITMAP
82
44
28
10
28
44
82
ENDCHAR
STARTCHAR 292C
ENCODING 10540
SWIDTH 800 0
DWIDTH 8 0
BBX 7 7 1 0
BITMAP
82
44
28
10
28
44
82
ENDCHAR
STARTCHAR 292D
ENCODING 10541
SWIDTH 800 0
DWIDTH 8 0
BBX 7 7 1 0
BITMAP
8E
46
2A
10
2A
46
8E
ENDCHAR
STARTCHAR 292E
ENCODING 10542
SWIDTH 800 0
DWIDTH 8 0
BBX 7 7 1 0
BITMAP
8E
46
2A
10
2A
46
8E
ENDCHAR
STARTCHAR 292F
ENCODING 10543
SWIDTH 800 0
DWIDTH 8 0
BBX 7 7 1 0
BITMAP
8E
46
2A
10
28
44
82
ENDCHAR
STARTCHAR 2930
ENCODING 10544
SWIDTH 800 0
DWIDTH 8 0
BBX 7 7 1 0
BITMAP
82
44
28
10
2A
46
8E
ENDCHAR
STARTCHAR 2931
ENCODING 10545
SWIDTH 800 0
DWIDTH 8 0
BBX 7 7 1 0
BITMAP
CE
C6
28
10
28
44
82
ENDCHAR
STARTCHAR 2932
ENCODING 10546
SWIDTH 800 0
DWIDTH 8 0
BBX 7 7 1 0
BITMAP
CE
C6
2A
10
28
44
82
ENDCHAR
STARTCHAR 2933
ENCODING 10547
SWIDTH 1000 0
DWIDTH 10 0
BBX 9 4 1 1
BITMAP
2000
D100
0F80
0100
ENDCHAR
STARTCHAR 2934
ENCODING 10548
SWIDTH 800 0
DWIDTH 8 0
BBX 7 8 1 -1
BITMAP
08
0C
1A
08
08
08
08
F8
ENDCHAR
STARTCHAR 2935
ENCODING 10549
SWIDTH 800 0
DWIDTH 8 0
BBX 7 8 1 -1
BITMAP
F0
08
08
08
08
0A
1C
08
ENDCHAR
STARTCHAR 2936
ENCODING 10550
SWIDTH 800 0
DWIDTH 8 0
BBX 7 7 1 -1
BITMAP
02
02
02
42
FE
C0
40
ENDCHAR
STARTCHAR 2937
ENCODING 10551
SWIDTH 800 0
DWIDTH 8 0
BBX 7 6 1 -1
BITMAP
80
80
80
84
FE
04
ENDCHAR
STARTCHAR 2938
ENCODING 10552
SWIDTH 700 0
DWIDTH 7 0
BBX 5 11 1 -3
BITMAP
40
20
10
08
08
08
08
50
50
60
F0
ENDCHAR
STARTCHAR 2939
ENCODING 10553
SWIDTH 700 0
DWIDTH 7 0
BBX 5 11 1 -3
BITMAP
10
20
40
80
80
80
80
50
70
10
78
ENDCHAR
STARTCHAR 293A
ENCODING 10554
SWIDTH 1300 0
DWIDTH 13 0
BBX 11 4 1 1
BITMAP
0F00
B0C0
C040
7020
ENDCHAR
STARTCHAR 293B
ENCODING 10555
SWIDTH 1300 0
DWIDTH 13 0
BBX 10 4 2 0
BITMAP
00C0
81C0
8140
7E00
ENDCHAR
STARTCHAR 293C
ENCODING 10556
SWIDTH 1300 0
DWIDTH 13 0
BBX 11 4 1 1
BITMAP
1F00
20A0
4060
8CE0
ENDCHAR
STARTCHAR 293D
ENCODING 10557
SWIDTH 1300 0
DWIDTH 13 0
BBX 11 4 1 1
BITMAP
0F00
B0C0
C240
7220
ENDCHAR
STARTCHAR 293E
ENCODING 10558
SWIDTH 900 0
DWIDTH 9 0
BBX 8 9 1 -3
BITMAP
02
02
01
01
02
12
E4
78
40
ENDCHAR
STARTCHAR 293F
ENCODING 10559
SWIDTH 900 0
DWIDTH 9 0
BBX 7 9 1 -3
BITMAP
40
80
80
80
80
48
26
1A
04
ENDCHAR
STARTCHAR 2940
ENCODING 10560
SWIDTH 1100 0
DWIDTH 11 0
BBX 9 11 1 -2
BITMAP
0400
0800
3E00
4500
8080
8080
8080
8080
4100
2200
1C00
ENDCHAR
STARTCHAR 2941
ENCODING 10561
SWIDTH 1100 0
DWIDTH 11 0
BBX 9 11 1 -2
BITMAP
1000
0800
3E00
4900
8080
8080
8080
8080
4100
2200
1C00
ENDCHAR
STARTCHAR 2942
ENCODING 10562
SWIDTH 1000 0
DWIDTH 10 0
BBX 8 6 1 -1
BITMAP
02
FF
03
42
F0
40
ENDCHAR
STARTCHAR 2943
ENCODING 10563
SWIDTH 1000 0
DWIDTH 10 0
BBX 9 7 1 -1
BITMAP
4000
FF80
C000
0200
0F80
0300
0200
ENDCHAR
STARTCHAR 2944
ENCODING 10564
SWIDTH 1000 0
DWIDTH 10 0
BBX 9 6 1 -1
BITMAP
0200
0F00
0300
4200
FF80
4000
ENDCHAR
STARTCHAR 2945
ENCODING 10565
SWIDTH 1000 0
DWIDTH 10 0
BBX 8 5 1 -1
BITMAP
02
01
FF
02
C0
ENDCHAR
STARTCHAR 2946
ENCODING 10566
SWIDTH 1000 0
DWIDTH 10 0
BBX 9 6 1 -1
BITMAP
4000
C000
FF80
4100
0380
0100
ENDCHAR
STARTCHAR 2947
ENCODING 10567
SWIDTH 1000 0
DWIDTH 10 0
BBX 8 4 1 1
BITMAP
42
31
FF
4A
ENDCHAR
STARTCHAR 2948
ENCODING 10568
SWIDTH 1100 0
DWIDTH 11 0
BBX 10 4 1 1
BITMAP
4D00
D480
FFC0
5D00
ENDCHAR
STARTCHAR 2949
ENCODING 10569
SWIDTH 600 0
DWIDTH 6 0
BBX 3 10 2 -2
BITMAP
40
E0
40
E0
40
40
40
A0
A0
E0
ENDCHAR
STARTCHAR 294A
ENCODING 10570
SWIDTH 1000 0
DWIDTH 10 0
BBX 8 4 1 1
BITMAP
40
C0
FF
02
ENDCHAR
STARTCHAR 294B
ENCODING 10571
SWIDTH 1000 0
DWIDTH 10 0
BBX 9 4 1 1
BITMAP
0200
0100
FF80
4000
ENDCHAR
STARTCHAR 294C
ENCODING 10572
SWIDTH 500 0
DWIDTH 5 0
BBX 3 9 1 -2
BITMAP
40
60
40
40
40
40
C0
40
40
ENDCHAR
STARTCHAR 294D
ENCODING 10573
SWIDTH 500 0
DWIDTH 5 0
BBX 4 9 1 -2
BITMAP
40
C0
40
40
40
40
50
60
40
ENDCHAR
STARTCHAR 294E
ENCODING 10574
SWIDTH 1000 0
DWIDTH 10 0
BBX 9 3 1 2
BITMAP
4200
C100
FF80
ENDCHAR
STARTCHAR 294F
ENCODING 10575
SWIDTH 500 0
DWIDTH 5 0
BBX 2 8 3 -2
BITMAP
80
80
80
80
80
80
C0
80
ENDCHAR
STARTCHAR 2950
ENCODING 10576
SWIDTH 1000 0
DWIDTH 10 0
BBX 8 2 1 1
BITMAP
FF
42
ENDCHAR
STARTCHAR 2951
ENCODING 10577
SWIDTH 500 0
DWIDTH 5 0
BBX 2 9 1 -2
BITMAP
40
C0
40
40
40
40
C0
40
40
ENDCHAR
STARTCHAR 2952
ENCODING 10578
SWIDTH 1000 0
DWIDTH 10 0
BBX 9 4 1 1
BITMAP
2000
C000
FF80
8000
ENDCHAR
STARTCHAR 2953
ENCODING 10579
SWIDTH 1000 0
DWIDTH 10 0
BBX 9 4 1 1
BITMAP
0480
0280
FF80
0080
ENDCHAR
STARTCHAR 2954
ENCODING 10580
SWIDTH 500 0
DWIDTH 5 0
BBX 4 10 1 -2
BITMAP
F0
40
60
40
40
40
40
40
40
40
ENDCHAR
STARTCHAR 2955
ENCODING 10581
SWIDTH 500 0
DWIDTH 5 0
BBX 4 9 1 -2
BITMAP
40
40
40
40
40
40
50
60
E0
ENDCHAR
STARTCHAR 2956
ENCODING 10582
SWIDTH 1000 0
DWIDTH 10 0
BBX 9 3 1 2
BITMAP
8000
FF80
A000
ENDCHAR
STARTCHAR 2957
ENCODING 10583
SWIDTH 1000 0
DWIDTH 10 0
BBX 9 4 1 1
BITMAP
0080
0080
FF80
0480
ENDCHAR
STARTCHAR 2958
ENCODING 10584
SWIDTH 500 0
DWIDTH 5 0
BBX 4 10 1 -2
BITMAP
F0
40
C0
40
40
40
40
40
40
40
ENDCHAR
STARTCHAR 2959
ENCODING 10585
SWIDTH 500 0
DWIDTH 5 0
BBX 3 9 1 -2
BITMAP
40
40
40
40
40
40
C0
40
E0
ENDCHAR
STARTCHAR 295A
ENCODING 10586
SWIDTH 1000 0
DWIDTH 10 0
BBX 9 4 1 1
BITMAP
4080
C080
FF80
0080
ENDCHAR
STARTCHAR 295B
ENCODING 10587
SWIDTH 1000 0
DWIDTH 10 0
BBX 9 4 1 1
BITMAP
0200
8100
FF80
8000
ENDCHAR
STARTCHAR 295C
ENCODING 10588
SWIDTH 500 0
DWIDTH 5 0
BBX 4 9 1 -2
BITMAP
40
60
40
40
40
40
40
40
F0
ENDCHAR
STARTCHAR 295D
ENCODING 10589
SWIDTH 500 0
DWIDTH 5 0
BBX 4 9 1 -2
BITMAP
E0
40
40
40
40
40
50
60
40
ENDCHAR
STARTCHAR 295E
ENCODING 10590
SWIDTH 1000 0
DWIDTH 10 0
BBX 9 4 1 1
BITMAP
0080
0080
FF80
4080
ENDCHAR
STARTCHAR 295F
ENCODING 10591
SWIDTH 1000 0
DWIDTH 10 0
BBX 8 3 1 2
BITMAP
80
FF
82
ENDCHAR
STARTCHAR 2960
ENCODING 10592
SWIDTH 500 0
DWIDTH 5 0
BBX 4 9 1 -2
BITMAP
40
C0
40
40
40
40
40
40
F0
ENDCHAR
STARTCHAR 2961
ENCODING 10593
SWIDTH 500 0
DWIDTH 5 0
BBX 3 9 1 -2
BITMAP
E0
40
40
40
40
40
C0
40
40
ENDCHAR
STARTCHAR 2962
ENCODING 10594
SWIDTH 1000 0
DWIDTH 10 0
BBX 9 6 1 -1
BITMAP
4000
FF80
0000
0000
FF80
4000
ENDCHAR
STARTCHAR 2963
ENCODING 10595
SWIDTH 800 0
DWIDTH 8 0
BBX 6 9 1 -2
BITMAP
48
CC
48
48
48
48
48
48
48
ENDCHAR
STARTCHAR 2964
ENCODING 10596
SWIDTH 1000 0
DWIDTH 10 0
BBX 9 7 1 -1
BITMAP
0200
FF00
0000
0000
FF80
0300
0200
ENDCHAR
STARTCHAR 2965
ENCODING 10597
SWIDTH 800 0
DWIDTH 8 0
BBX 7 9 1 -2
BITMAP
48
48
48
48
48
48
CA
4C
48
ENDCHAR
STARTCHAR 2966
ENCODING 10598
SWIDTH 1000 0
DWIDTH 10 0
BBX 9 5 1 1
BITMAP
4000
FF80
0000
0200
FF80
ENDCHAR
STARTCHAR 2967
ENCODING 10599
SWIDTH 1000 0
DWIDTH 10 0
BBX 9 6 1 -1
BITMAP
FF80
C000
0000
FF80
0300
0200
ENDCHAR
STARTCHAR 2968
ENCODING 10600
SWIDTH 1000 0
DWIDTH 10 0
BBX 9 5 1 1
BITMAP
0200
FF00
0000
4000
FF80
ENDCHAR
STARTCHAR 2969
ENCODING 10601
SWIDTH 1000 0
DWIDTH 10 0
BBX 9 5 1 -1
BITMAP
FF80
0300
0200
FF80
4000
ENDCHAR
STARTCHAR 296A
ENCODING 10602
SWIDTH 1000 0
DWIDTH 10 0
BBX 9 5 1 1
BITMAP
4000
FF80
0000
0000
FF80
ENDCHAR
STARTCHAR 296B
ENCODING 10603
SWIDTH 1000 0
DWIDTH 10 0
BBX 9 5 1 -1
BITMAP
FF80
0000
0000
FF80
4000
ENDCHAR
STARTCHAR 296C
ENCODING 10604
SWIDTH 1000 0
DWIDTH 10 0
BBX 9 5 1 1
BITMAP
0200
FF00
0000
0000
FF80
ENDCHAR
STARTCHAR 296D
ENCODING 10605
SWIDTH 1000 0
DWIDTH 10 0
BBX 9 6 1 -1
BITMAP
FF80
0000
0000
FF80
0300
0200
ENDCHAR
STARTCHAR 296E
ENCODING 10606
SWIDTH 800 0
DWIDTH 8 0
BBX 7 9 1 -2
BITMAP
48
C8
48
48
48
48
4A
4C
48
ENDCHAR
STARTCHAR 296F
ENCODING 10607
SWIDTH 800 0
DWIDTH 8 0
BBX 6 9 1 -2
BITMAP
48
4C
48
48
48
48
C8
48
48
ENDCHAR
STARTCHAR 2970
ENCODING 10608
SWIDTH 1000 0
DWIDTH 10 0
BBX 8 4 1 1
BITMAP
FC
03
01
FE
ENDCHAR
STARTCHAR 2971
ENCODING 10609
SWIDTH 1000 0
DWIDTH 10 0
BBX 8 5 1 0
BITMAP
70
7A
01
FF
02
ENDCHAR
STARTCHAR 2972
ENCODING 10610
SWIDTH 1000 0
DWIDTH 10 0
BBX 8 4 1 1
BITMAP
7A
01
FF
02
ENDCHAR
STARTCHAR 2973
ENCODING 10611
SWIDTH 1000 0
DWIDTH 10 0
BBX 9 5 1 0
BITMAP
4000
C000
FF80
4A00
1600
ENDCHAR
STARTCHAR 2974
ENCODING 10612
SWIDTH 1000 0
DWIDTH 10 0
BBX 8 5 1 0
BITMAP
02
01
FF
22
58
ENDCHAR
STARTCHAR 2975
ENCODING 10613
SWIDTH 1000 0
DWIDTH 10 0
BBX 8 6 1 -1
BITMAP
02
01
FF
22
58
38
ENDCHAR
STARTCHAR 2976
ENCODING 10614
SWIDTH 500 0
DWIDTH 5 0
BBX 4 6 1 -1
BITMAP
30
C0
80
70
80
F0
ENDCHAR
STARTCHAR 2977
ENCODING 10615
SWIDTH 1100 0
DWIDTH 11 0
BBX 10 5 1 0
BITMAP
4080
C300
FF80
4180
0040
ENDCHAR
STARTCHAR 2978
ENCODING 10616
SWIDTH 500 0
DWIDTH 5 0
BBX 4 7 1 -1
BITMAP
80
70
30
C0
20
F0
20
ENDCHAR
STARTCHAR 2979
ENCODING 10617
SWIDTH 700 0
DWIDTH 7 0
BBX 6 10 1 -2
BITMAP
3C
C0
80
80
80
FC
00
08
FC
08
ENDCHAR
STARTCHAR 297A
ENCODING 10618
SWIDTH 1100 0
DWIDTH 11 0
BBX 10 6 1 0
BITMAP
07C0
4800
D000
FF80
4800
07C0
ENDCHAR
STARTCHAR 297B
ENCODING 10619
SWIDTH 700 0
DWIDTH 7 0
BBX 6 9 1 -2
BITMAP
F0
0C
04
04
04
F8
00
00
FC
ENDCHAR
STARTCHAR 297C
ENCODING 10620
SWIDTH 800 0
DWIDTH 8 0
BBX 7 6 1 0
BITMAP
C0
80
80
FE
80
C0
ENDCHAR
STARTCHAR 297D
ENCODING 10621
SWIDTH 800 0
DWIDTH 8 0
BBX 7 6 1 0
BITMAP
06
02
02
FE
02
06
ENDCHAR
STARTCHAR 297E
ENCODING 10622
SWIDTH 600 0
DWIDTH 6 0
BBX 5 8 1 -1
BITMAP
D8
A8
A8
20
20
20
20
20
ENDCHAR
STARTCHAR 297F
ENCODING 10623
SWIDTH 600 0
DWIDTH 6 0
BBX 5 8 1 -1
BITMAP
20
20
20
20
20
20
A8
D8
ENDCHAR
STARTCHAR 2980
ENCODING 10624
SWIDTH 800 0
DWIDTH 8 0
BBX 5 10 2 -2
BITMAP
A8
A8
A8
A8
A8
A8
A8
A8
A8
A8
ENDCHAR
STARTCHAR 2981
ENCODING 10625
SWIDTH 400 0
DWIDTH 4 0
BBX 3 3 1 1
BITMAP
C0
E0
C0
ENDCHAR
STARTCHAR 2982
ENCODING 10626
SWIDTH 300 0
DWIDTH 3 0
BBX 2 6 1 0
BITMAP
C0
C0
C0
00
C0
C0
ENDCHAR
STARTCHAR 2983
ENCODING 10627
SWIDTH 500 0
DWIDTH 5 0
BBX 5 10 0 -2
BITMAP
38
50
50
50
D0
50
50
50
30
18
ENDCHAR
STARTCHAR 2984
ENCODING 10628
SWIDTH 500 0
DWIDTH 5 0
BBX 5 10 0 -2
BITMAP
E0
50
50
50
58
50
50
50
50
E0
ENDCHAR
STARTCHAR 2985
ENCODING 10629
SWIDTH 400 0
DWIDTH 4 0
BBX 3 10 1 -2
BITMAP
20
C0
C0
C0
C0
C0
C0
C0
40
20
ENDCHAR
STARTCHAR 2986
ENCODING 10630
SWIDTH 400 0
DWIDTH 4 0
BBX 4 10 0 -2
BITMAP
80
C0
60
60
50
60
60
60
40
80
ENDCHAR
STARTCHAR 2987
ENCODING 10631
SWIDTH 300 0
DWIDTH 3 0
BBX 2 10 1 -2
BITMAP
40
C0
C0
C0
C0
C0
C0
C0
C0
40
ENDCHAR
STARTCHAR 2988
ENCODING 10632
SWIDTH 300 0
DWIDTH 3 0
BBX 2 9 1 -2
BITMAP
80
80
80
C0
C0
C0
C0
80
80
ENDCHAR
STARTCHAR 2989
ENCODING 10633
SWIDTH 300 0
DWIDTH 3 0
BBX 2 10 1 -2
BITMAP
40
40
C0
C0
C0
C0
C0
C0
40
40
ENDCHAR
STARTCHAR 298A
ENCODING 10634
SWIDTH 300 0
DWIDTH 3 0
BBX 2 9 1 -2
BITMAP
80
80
80
C0
C0
C0
80
80
80
ENDCHAR
STARTCHAR 298B
ENCODING 10635
SWIDTH 300 0
DWIDTH 3 0
BBX 2 10 1 -2
BITMAP
C0
80
80
80
80
80
80
80
40
C0
ENDCHAR
STARTCHAR 298C
ENCODING 10636
SWIDTH 300 0
DWIDTH 3 0
BBX 2 10 0 -2
BITMAP
C0
40
40
40
40
40
40
40
00
C0
ENDCHAR
STARTCHAR 298D
ENCODING 10637
SWIDTH 300 0
DWIDTH 3 0
BBX 2 10 1 -2
BITMAP
C0
C0
80
80
80
80
80
80
80
C0
ENDCHAR
STARTCHAR 298E
ENCODING 10638
SWIDTH 300 0
DWIDTH 3 0
BBX 2 10 0 -2
BITMAP
C0
40
40
40
40
40
40
40
40
C0
ENDCHAR
STARTCHAR 298F
ENCODING 10639
SWIDTH 300 0
DWIDTH 3 0
BBX 2 10 1 -2
BITMAP
C0
80
80
80
80
80
80
80
C0
C0
ENDCHAR
STARTCHAR 2990
ENCODING 10640
SWIDTH 300 0
DWIDTH 3 0
BBX 2 10 0 -2
BITMAP
C0
C0
40
40
40
40
40
40
40
C0
ENDCHAR
STARTCHAR 2991
ENCODING 10641
SWIDTH 400 0
DWIDTH 4 0
BBX 3 10 1 -2
BITMAP
40
40
80
80
C0
80
80
40
40
20
ENDCHAR
STARTCHAR 2992
ENCODING 10642
SWIDTH 400 0
DWIDTH 4 0
BBX 2 9 1 -2
BITMAP
80
80
40
40
C0
40
40
80
80
ENDCHAR
STARTCHAR 2993
ENCODING 10643
SWIDTH 500 0
DWIDTH 5 0
BBX 5 9 1 -2
BITMAP
10
10
28
30
E0
E0
30
20
10
ENDCHAR
STARTCHAR 2994
ENCODING 10644
SWIDTH 500 0
DWIDTH 5 0
BBX 4 9 0 -1
BITMAP
40
40
60
30
30
E0
40
40
80
ENDCHAR
STARTCHAR 2995
ENCODING 10645
SWIDTH 600 0
DWIDTH 6 0
BBX 5 10 1 -2
BITMAP
28
50
50
D0
B0
98
F0
50
50
28
ENDCHAR
STARTCHAR 2996
ENCODING 10646
SWIDTH 600 0
DWIDTH 6 0
BBX 6 10 0 -2
BITMAP
20
50
54
38
68
68
38
54
50
A0
ENDCHAR
STARTCHAR 2997
ENCODING 10647
SWIDTH 300 0
DWIDTH 3 0
BBX 2 10 1 -2
BITMAP
40
40
80
80
80
80
80
80
40
40
ENDCHAR
STARTCHAR 2998
ENCODING 10648
SWIDTH 300 0
DWIDTH 3 0
BBX 3 10 0 -2
BITMAP
80
40
40
60
60
60
40
40
80
80
ENDCHAR
STARTCHAR 2999
ENCODING 10649
SWIDTH 200 0
DWIDTH 2 0
BBX 1 7 1 0
BITMAP
80
00
80
00
80
00
80
ENDCHAR
STARTCHAR 299A
ENCODING 10650
SWIDTH 200 0
DWIDTH 2 0
BBX 1 10 1 -2
BITMAP
80
80
80
80
80
80
80
80
80
80
ENDCHAR
STARTCHAR 299B
ENCODING 10651
SWIDTH 600 0
DWIDTH 6 0
BBX 5 6 1 -1
BITMAP
80
70
60
50
F8
80
ENDCHAR
STARTCHAR 299C
ENCODING 10652
SWIDTH 600 0
DWIDTH 6 0
BBX 5 5 1 1
BITMAP
80
80
C0
C0
F8
ENDCHAR
STARTCHAR 299D
ENCODING 10653
SWIDTH 600 0
DWIDTH 6 0
BBX 5 5 1 1
BITMAP
80
80
C0
A0
F8
ENDCHAR
STARTCHAR 299E
ENCODING 10654
SWIDTH 600 0
DWIDTH 6 0
BBX 5 5 1 0
BITMAP
10
20
70
90
F8
ENDCHAR
STARTCHAR 299F
ENCODING 10655
SWIDTH 600 0
DWIDTH 6 0
BBX 5 3 1 0
BITMAP
18
60
F8
ENDCHAR
STARTCHAR 29A0
ENCODING 10656
SWIDTH 500 0
DWIDTH 5 0
BBX 4 5 1 0
BITMAP
C0
60
90
E0
40
ENDCHAR
STARTCHAR 29A1
ENCODING 10657
SWIDTH 600 0
DWIDTH 6 0
BBX 4 4 1 0
BITMAP
90
F0
60
60
ENDCHAR
STARTCHAR 29A2
ENCODING 10658
SWIDTH 600 0
DWIDTH 6 0
BBX 5 5 1 0
BITMAP
F8
10
20
40
40
ENDCHAR
STARTCHAR 29A3
ENCODING 10659
SWIDTH 600 0
DWIDTH 6 0
BBX 5 5 1 0
BITMAP
80
40
20
10
F8
ENDCHAR
STARTCHAR 29A4
ENCODING 10660
SWIDTH 600 0
DWIDTH 6 0
BBX 5 6 1 0
BITMAP
10
20
40
80
F8
F8
ENDCHAR
STARTCHAR 29A5
ENCODING 10661
SWIDTH 600 0
DWIDTH 6 0
BBX 5 6 1 0
BITMAP
40
20
10
10
F8
F8
ENDCHAR
STARTCHAR 29A6
ENCODING 10662
SWIDTH 600 0
DWIDTH 6 0
BBX 5 3 1 1
BITMAP
80
40
38
ENDCHAR
STARTCHAR 29A7
ENCODING 10663
SWIDTH 600 0
DWIDTH 6 0
BBX 5 2 1 1
BITMAP
78
80
ENDCHAR
STARTCHAR 29A8
ENCODING 10664
SWIDTH 600 0
DWIDTH 6 0
BBX 5 7 1 -1
BITMAP
10
38
68
60
90
F8
10
ENDCHAR
STARTCHAR 29A9
ENCODING 10665
SWIDTH 600 0
DWIDTH 6 0
BBX 5 7 1 -1
BITMAP
C0
80
70
60
50
F8
80
ENDCHAR
STARTCHAR 29AA
ENCODING 10666
SWIDTH 600 0
DWIDTH 6 0
BBX 5 7 1 -1
BITMAP
10
F8
90
60
68
18
30
ENDCHAR
STARTCHAR 29AB
ENCODING 10667
SWIDTH 600 0
DWIDTH 6 0
BBX 5 7 1 -1
BITMAP
80
F8
50
60
20
C0
C0
ENDCHAR
STARTCHAR 29AC
ENCODING 10668
SWIDTH 700 0
DWIDTH 7 0
BBX 6 5 1 1
BITMAP
8C
6C
90
A8
40
ENDCHAR
STARTCHAR 29AD
ENCODING 10669
SWIDTH 700 0
DWIDTH 7 0
BBX 6 6 1 0
BITMAP
08
C8
DC
68
58
08
ENDCHAR
STARTCHAR 29AE
ENCODING 10670
SWIDTH 700 0
DWIDTH 7 0
BBX 6 5 1 1
BITMAP
40
B8
9C
E4
8C
ENDCHAR
STARTCHAR 29AF
ENCODING 10671
SWIDTH 700 0
DWIDTH 7 0
BBX 6 5 1 1
BITMAP
18
68
E8
9C
C8
ENDCHAR
STARTCHAR 29B0
ENCODING 10672
SWIDTH 800 0
DWIDTH 8 0
BBX 7 7 1 -1
BITMAP
FC
C4
A2
92
8A
84
7A
ENDCHAR
STARTCHAR 29B1
ENCODING 10673
SWIDTH 800 0
DWIDTH 8 0
BBX 7 9 1 -1
BITMAP
7C
00
7C
8C
92
A2
C2
84
78
ENDCHAR
STARTCHAR 29B2
ENCODING 10674
SWIDTH 800 0
DWIDTH 8 0
BBX 7 10 1 -1
BITMAP
30
30
00
7C
8C
92
A2
C2
84
78
ENDCHAR
STARTCHAR 29B3
ENCODING 10675
SWIDTH 800 0
DWIDTH 8 0
BBX 7 10 1 -1
BITMAP
08
78
00
7C
8C
92
A2
C2
84
78
ENDCHAR
STARTCHAR 29B4
ENCODING 10676
SWIDTH 800 0
DWIDTH 8 0
BBX 7 9 1 0
BITMAP
78
00
7C
8C
92
A2
C2
84
78
ENDCHAR
STARTCHAR 29B5
ENCODING 10677
SWIDTH 1000 0
DWIDTH 10 0
BBX 9 7 1 -1
BITMAP
3E00
4100
4100
FF80
4100
2200
1C00
ENDCHAR
STARTCHAR 29B6
ENCODING 10678
SWIDTH 800 0
DWIDTH 8 0
BBX 7 7 1 -1
BITMAP
7C
94
92
92
92
94
78
ENDCHAR
STARTCHAR 29B7
ENCODING 10679
SWIDTH 800 0
DWIDTH 8 0
BBX 7 7 1 -1
BITMAP
7C
A4
B2
B2
B2
84
78
ENDCHAR
STARTCHAR 29B8
ENCODING 10680
SWIDTH 800 0
DWIDTH 8 0
BBX 7 7 1 -1
BITMAP
7C
C4
A2
92
8A
84
78
ENDCHAR
STARTCHAR 29B9
ENCODING 10681
SWIDTH 800 0
DWIDTH 8 0
BBX 7 7 1 -1
BITMAP
7C
94
92
92
BA
84
78
ENDCHAR
STARTCHAR 29BA
ENCODING 10682
SWIDTH 800 0
DWIDTH 8 0
BBX 7 7 1 -1
BITMAP
7C
94
92
FE
82
84
78
ENDCHAR
STARTCHAR 29BB
ENCODING 10683
SWIDTH 800 0
DWIDTH 8 0
BBX 7 7 1 -1
BITMAP
FC
CC
B2
B2
CA
84
7A
ENDCHAR
STARTCHAR 29BC
ENCODING 10684
SWIDTH 800 0
DWIDTH 8 0
BBX 7 7 1 -1
BITMAP
7C
8C
92
A2
CA
84
78
ENDCHAR
STARTCHAR 29BD
ENCODING 10685
SWIDTH 800 0
DWIDTH 8 0
BBX 7 10 1 -1
BITMAP
30
18
7C
94
92
92
92
94
78
10
ENDCHAR
STARTCHAR 29BE
ENCODING 10686
SWIDTH 800 0
DWIDTH 8 0
BBX 7 7 1 -1
BITMAP
7C
94
EA
CA
B2
84
78
ENDCHAR
STARTCHAR 29BF
ENCODING 10687
SWIDTH 800 0
DWIDTH 8 0
BBX 7 7 1 -1
BITMAP
7C
94
BA
FA
B2
84
78
ENDCHAR
STARTCHAR 29C0
ENCODING 10688
SWIDTH 800 0
DWIDTH 8 0
BBX 7 7 1 -1
BITMAP
7C
8C
B2
E2
9A
84
78
ENDCHAR
STARTCHAR 29C1
ENCODING 10689
SWIDTH 800 0
DWIDTH 8 0
BBX 7 7 1 -1
BITMAP
7C
84
BA
8A
B2
84
78
ENDCHAR
STARTCHAR 29C2
ENCODING 10690
SWIDTH 1000 0
DWIDTH 10 0
BBX 9 7 1 -1
BITMAP
7C00
8400
8380
8380
8200
8400
7800
ENDCHAR
STARTCHAR 29C3
ENCODING 10691
SWIDTH 1000 0
DWIDTH 10 0
BBX 9 7 1 -1
BITMAP
7C00
8400
8380
8200
8300
8400
7800
ENDCHAR
STARTCHAR 29C4
ENCODING 10692
SWIDTH 700 0
DWIDTH 7 0
BBX 6 7 1 -1
BITMAP
FC
8C
94
A4
C4
84
FC
ENDCHAR
STARTCHAR 29C5
ENCODING 10693
SWIDTH 700 0
DWIDTH 7 0
BBX 6 7 1 -1
BITMAP
FC
C4
A4
94
8C
84
FC
ENDCHAR
STARTCHAR 29C6
ENCODING 10694
SWIDTH 700 0
DWIDTH 7 0
BBX 6 7 1 -1
BITMAP
FC
A4
A4
F4
D4
84
FC
ENDCHAR
STARTCHAR 29C7
ENCODING 10695
SWIDTH 700 0
DWIDTH 7 0
BBX 6 7 1 -1
BITMAP
FC
84
F4
D4
B4
84
FC
ENDCHAR
STARTCHAR 29C8
ENCODING 10696
SWIDTH 700 0
DWIDTH 7 0
BBX 6 7 1 -1
BITMAP
FC
84
F4
D4
F4
84
FC
ENDCHAR
STARTCHAR 29C9
ENCODING 10697
SWIDTH 900 0
DWIDTH 9 0
BBX 8 8 1 0
BITMAP
FC
84
BF
A5
A5
FD
21
3F
ENDCHAR
STARTCHAR 29CA
ENCODING 10698
SWIDTH 800 0
DWIDTH 8 0
BBX 7 9 1 0
BITMAP
10
00
10
30
28
48
44
84
FE
ENDCHAR
STARTCHAR 29CB
ENCODING 10699
SWIDTH 800 0
DWIDTH 8 0
BBX 7 8 1 -1
BITMAP
10
30
28
48
44
84
FE
FE
ENDCHAR
STARTCHAR 29CC
ENCODING 10700
SWIDTH 800 0
DWIDTH 8 0
BBX 7 7 1 0
BITMAP
10
30
28
58
54
B4
FE
ENDCHAR
STARTCHAR 29CD
ENCODING 10701
SWIDTH 900 0
DWIDTH 9 0
BBX 8 7 1 0
BITMAP
10
18
28
24
44
42
FF
ENDCHAR
STARTCHAR 29CE
ENCODING 10702
SWIDTH 800 0
DWIDTH 8 0
BBX 7 7 1 -1
BITMAP
C0
B8
F4
0E
F2
3A
06
ENDCHAR
STARTCHAR 29CF
ENCODING 10703
SWIDTH 900 0
DWIDTH 9 0
BBX 8 4 1 1
BITMAP
03
3F
E3
1F
ENDCHAR
STARTCHAR 29D0
ENCODING 10704
SWIDTH 900 0
DWIDTH 9 0
BBX 7 4 1 1
BITMAP
40
F8
CE
F0
ENDCHAR
STARTCHAR 29D1
ENCODING 10705
SWIDTH 700 0
DWIDTH 7 0
BBX 6 6 1 -1
BITMAP
84
8C
D4
F4
CC
84
ENDCHAR
STARTCHAR 29D2
ENCODING 10706
SWIDTH 700 0
DWIDTH 7 0
BBX 6 6 1 -1
BITMAP
84
8C
DC
BC
CC
84
ENDCHAR
STARTCHAR 29D3
ENCODING 10707
SWIDTH 700 0
DWIDTH 7 0
BBX 6 6 1 -1
BITMAP
84
8C
DC
FC
CC
84
ENDCHAR
STARTCHAR 29D4
ENCODING 10708
SWIDTH 700 0
DWIDTH 7 0
BBX 6 6 1 -1
BITMAP
84
88
D0
F0
C8
84
ENDCHAR
STARTCHAR 29D5
ENCODING 10709
SWIDTH 700 0
DWIDTH 7 0
BBX 6 6 1 -1
BITMAP
84
8C
5C
3C
4C
84
ENDCHAR
STARTCHAR 29D6
ENCODING 10710
SWIDTH 700 0
DWIDTH 7 0
BBX 6 6 1 0
BITMAP
FC
48
30
20
50
FC
ENDCHAR
STARTCHAR 29D7
ENCODING 10711
SWIDTH 700 0
DWIDTH 7 0
BBX 6 6 1 0
BITMAP
FC
78
30
20
70
FC
ENDCHAR
STARTCHAR 29D8
ENCODING 10712
SWIDTH 200 0
DWIDTH 2 0
BBX 1 9 1 -2
BITMAP
80
80
80
80
80
80
80
80
80
ENDCHAR
STARTCHAR 29D9
ENCODING 10713
SWIDTH 200 0
DWIDTH 2 0
BBX 1 10 1 -2
BITMAP
80
80
80
80
80
80
80
80
80
80
ENDCHAR
STARTCHAR 29DA
ENCODING 10714
SWIDTH 400 0
DWIDTH 4 0
BBX 3 10 1 -2
BITMAP
80
A0
A0
C0
A0
C0
A0
C0
A0
40
ENDCHAR
STARTCHAR 29DB
ENCODING 10715
SWIDTH 400 0
DWIDTH 4 0
BBX 3 10 1 -2
BITMAP
A0
C0
A0
A0
C0
A0
C0
A0
C0
A0
ENDCHAR
STARTCHAR 29DC
ENCODING 10716
SWIDTH 900 0
DWIDTH 9 0
BBX 8 5 1 0
BITMAP
60
90
90
91
EE
ENDCHAR
STARTCHAR 29DD
ENCODING 10717
SWIDTH 900 0
DWIDTH 9 0
BBX 8 6 1 0
BITMAP
3C
66
99
91
91
EE
ENDCHAR
STARTCHAR 29DE
ENCODING 10718
SWIDTH 900 0
DWIDTH 9 0
BBX 8 10 1 -3
BITMAP
10
10
76
99
91
91
FE
10
10
10
ENDCHAR
STARTCHAR 29DF
ENCODING 10719
SWIDTH 900 0
DWIDTH 9 0
BBX 8 3 1 1
BITMAP
C6
BD
C2
ENDCHAR
STARTCHAR 29E0
ENCODING 10720
SWIDTH 700 0
DWIDTH 7 0
BBX 6 6 1 0
BITMAP
FC
84
84
84
84
FC
ENDCHAR
STARTCHAR 29E1
ENCODING 10721
SWIDTH 500 0
DWIDTH 5 0
BBX 4 5 1 0
BITMAP
10
30
D0
60
F0
ENDCHAR
STARTCHAR 29E2
ENCODING 10722
SWIDTH 800 0
DWIDTH 8 0
BBX 7 4 1 0
BITMAP
92
92
92
FE
ENDCHAR
STARTCHAR 29E3
ENCODING 10723
SWIDTH 600 0
DWIDTH 6 0
BBX 5 7 1 -1
BITMAP
28
30
F8
60
F8
C0
40
ENDCHAR
STARTCHAR 29E4
ENCODING 10724
SWIDTH 600 0
DWIDTH 6 0
BBX 5 9 1 -1
BITMAP
70
00
28
30
F8
60
F8
C0
40
ENDCHAR
STARTCHAR 29E5
ENCODING 10725
SWIDTH 500 0
DWIDTH 5 0
BBX 5 9 0 -2
BITMAP
28
28
78
50
78
50
78
A0
A0
ENDCHAR
STARTCHAR 29E6
ENCODING 10726
SWIDTH 800 0
DWIDTH 8 0
BBX 7 6 1 0
BITMAP
82
FE
82
82
FE
82
ENDCHAR
STARTCHAR 29E7
ENCODING 10727
SWIDTH 600 0
DWIDTH 6 0
BBX 5 5 1 1
BITMAP
40
F0
40
F8
40
ENDCHAR
STARTCHAR 29E8
ENCODING 10728
SWIDTH 900 0
DWIDTH 9 0
BBX 8 7 1 0
BITMAP
FF
F2
74
34
38
18
10
ENDCHAR
STARTCHAR 29E9
ENCODING 10729
SWIDTH 900 0
DWIDTH 9 0
BBX 8 7 1 0
BITMAP
FF
8E
4C
2C
28
18
10
ENDCHAR
STARTCHAR 29EA
ENCODING 10730
SWIDTH 800 0
DWIDTH 8 0
BBX 7 10 1 -2
BITMAP
10
38
7C
FE
FE
7C
38
10
38
10
ENDCHAR
STARTCHAR 29EB
ENCODING 10731
SWIDTH 500 0
DWIDTH 5 0
BBX 4 6 1 -1
BITMAP
60
60
F0
F0
F0
60
ENDCHAR
STARTCHAR 29EC
ENCODING 10732
SWIDTH 700 0
DWIDTH 7 0
BBX 6 9 1 -2
BITMAP
78
84
84
84
84
88
70
68
30
ENDCHAR
STARTCHAR 29ED
ENCODING 10733
SWIDTH 700 0
DWIDTH 7 0
BBX 6 9 1 -2
BITMAP
78
FC
FC
FC
FC
F8
30
68
30
ENDCHAR
STARTCHAR 29EE
ENCODING 10734
SWIDTH 600 0
DWIDTH 6 0
BBX 5 9 1 -2
BITMAP
F0
40
B8
88
88
88
F8
40
F0
ENDCHAR
STARTCHAR 29EF
ENCODING 10735
SWIDTH 600 0
DWIDTH 6 0
BBX 5 9 1 -2
BITMAP
F0
40
F8
F8
F8
F8
F8
40
F0
ENDCHAR
STARTCHAR 29F0
ENCODING 10736
SWIDTH 700 0
DWIDTH 7 0
BBX 6 9 1 -2
BITMAP
78
30
48
84
84
48
30
20
78
ENDCHAR
STARTCHAR 29F1
ENCODING 10737
SWIDTH 700 0
DWIDTH 7 0
BBX 6 9 1 -2
BITMAP
78
30
78
FC
FC
78
30
20
78
ENDCHAR
STARTCHAR 29F2
ENCODING 10738
SWIDTH 700 0
DWIDTH 7 0
BBX 6 9 1 -2
BITMAP
78
78
84
84
84
84
88
70
78
ENDCHAR
STARTCHAR 29F3
ENCODING 10739
SWIDTH 700 0
DWIDTH 7 0
BBX 6 9 1 -2
BITMAP
78
78
FC
FC
FC
FC
F8
20
78
ENDCHAR
STARTCHAR 29F4
ENCODING 10740
SWIDTH 900 0
DWIDTH 9 0
BBX 7 5 1 0
BITMAP
80
02
7E
84
80
ENDCHAR
STARTCHAR 29F5
ENCODING 10741
SWIDTH 400 0
DWIDTH 4 0
BBX 2 8 1 -2
BITMAP
80
80
80
80
80
40
40
40
ENDCHAR
STARTCHAR 29F6
ENCODING 10742
SWIDTH 400 0
DWIDTH 4 0
BBX 2 9 1 -2
BITMAP
C0
40
40
40
40
80
80
80
80
ENDCHAR
STARTCHAR 29F7
ENCODING 10743
SWIDTH 500 0
DWIDTH 5 0
BBX 4 9 1 -2
BITMAP
80
80
40
40
F0
40
20
20
20
ENDCHAR
STARTCHAR 29F8
ENCODING 10744
SWIDTH 400 0
DWIDTH 4 0
BBX 3 9 1 -2
BITMAP
20
40
40
40
80
80
80
80
80
ENDCHAR
STARTCHAR 29F9
ENCODING 10745
SWIDTH 400 0
DWIDTH 4 0
BBX 2 9 1 -2
BITMAP
80
80
80
80
80
40
40
40
40
ENDCHAR
STARTCHAR 29FA
ENCODING 10746
SWIDTH 700 0
DWIDTH 7 0
BBX 6 5 1 0
BITMAP
50
50
FC
50
50
ENDCHAR
STARTCHAR 29FB
ENCODING 10747
SWIDTH 900 0
DWIDTH 9 0
BBX 8 5 1 0
BITMAP
54
54
FF
54
54
ENDCHAR
STARTCHAR 29FC
ENCODING 10748
SWIDTH 400 0
DWIDTH 4 0
BBX 3 10 1 -2
BITMAP
20
20
40
40
80
80
40
40
20
20
ENDCHAR
STARTCHAR 29FD
ENCODING 10749
SWIDTH 400 0
DWIDTH 4 0
BBX 3 8 1 -1
BITMAP
80
80
40
20
60
40
80
80
ENDCHAR
STARTCHAR 29FE
ENCODING 10750
SWIDTH 600 0
DWIDTH 6 0
BBX 5 5 1 0
BITMAP
40
40
F8
40
20
ENDCHAR
STARTCHAR 29FF
ENCODING 10751
SWIDTH 600 0
DWIDTH 6 0
BBX 5 1 1 2
BITMAP
F8
ENDCHAR
STARTCHAR 2A00
ENCODING 10752
SWIDTH 1000 0
DWIDTH 10 0
BBX 9 9 1 -2
BITMAP
3E00
4100
8080
8080
9880
8880
8080
8100
7E00
ENDCHAR
STARTCHAR 2A01
ENCODING 10753
SWIDTH 1000 0
DWIDTH 10 0
BBX 9 9 1 -2
BITMAP
3E00
4900
8880
8880
FF80
8880
8880
8900
7E00
ENDCHAR
STARTCHAR 2A02
ENCODING 10754
SWIDTH 1000 0
DWIDTH 10 0
BBX 9 9 1 -2
BITMAP
3E00
4100
A280
9480
8880
9480
A280
C100
7E00
ENDCHAR
STARTCHAR 2A03
ENCODING 10755
SWIDTH 700 0
DWIDTH 7 0
BBX 6 9 1 -2
BITMAP
84
84
84
84
B4
84
84
84
F8
ENDCHAR
STARTCHAR 2A04
ENCODING 10756
SWIDTH 700 0
DWIDTH 7 0
BBX 6 9 1 -2
BITMAP
84
84
84
A4
FC
A4
84
84
F8
ENDCHAR
STARTCHAR 2A05
ENCODING 10757
SWIDTH 700 0
DWIDTH 7 0
BBX 6 9 1 -2
BITMAP
FC
84
84
84
84
84
84
84
84
ENDCHAR
STARTCHAR 2A06
ENCODING 10758
SWIDTH 700 0
DWIDTH 7 0
BBX 6 9 1 -2
BITMAP
84
84
84
84
84
84
84
84
FC
ENDCHAR
STARTCHAR 2A07
ENCODING 10759
SWIDTH 1100 0
DWIDTH 11 0
BBX 9 9 1 -2
BITMAP
1400
2C00
2A00
3A00
5500
5500
A300
A280
C280
ENDCHAR
STARTCHAR 2A08
ENCODING 10760
SWIDTH 1100 0
DWIDTH 11 0
BBX 9 9 1 -2
BITMAP
C280
A280
A300
5500
5500
3A00
2A00
2C00
1400
ENDCHAR
STARTCHAR 2A09
ENCODING 10761
SWIDTH 1000 0
DWIDTH 10 0
BBX 9 9 1 -2
BITMAP
8080
4100
2200
1400
0800
1400
2200
4100
8080
ENDCHAR
STARTCHAR 2A0A
ENCODING 10762
SWIDTH 800 0
DWIDTH 8 0
BBX 7 9 1 -2
BITMAP
FE
40
50
28
58
28
50
40
FE
ENDCHAR
STARTCHAR 2A0B
ENCODING 10763
SWIDTH 800 0
DWIDTH 8 0
BBX 7 13 1 -4
BITMAP
06
08
FE
50
70
30
10
30
60
60
A0
7E
C0
ENDCHAR
STARTCHAR 2A0C
ENCODING 10764
SWIDTH 1800 0
DWIDTH 18 0
BBX 17 11 1 -2
BITMAP
0EDD80
092200
112400
122400
122400
124400
224400
224800
244800
244800
DDB000
ENDCHAR
STARTCHAR 2A0D
ENCODING 10765
SWIDTH 800 0
DWIDTH 8 0
BBX 7 11 1 -2
BITMAP
0E
08
10
10
10
78
20
20
20
20
C0
ENDCHAR
STARTCHAR 2A0E
ENCODING 10766
SWIDTH 800 0
DWIDTH 8 0
BBX 7 11 1 -2
BITMAP
0E
08
10
10
10
38
78
20
20
20
C0
ENDCHAR
STARTCHAR 2A0F
ENCODING 10767
SWIDTH 800 0
DWIDTH 8 0
BBX 7 11 1 -2
BITMAP
0E
08
10
10
18
10
20
20
20
20
C0
ENDCHAR
STARTCHAR 2A10
ENCODING 10768
SWIDTH 800 0
DWIDTH 8 0
BBX 7 11 1 -2
BITMAP
0E
08
10
10
70
50
60
30
20
20
C0
ENDCHAR
STARTCHAR 2A11
ENCODING 10769
SWIDTH 800 0
DWIDTH 8 0
BBX 7 11 1 -2
BITMAP
0E
08
10
10
10
58
68
30
20
20
C0
ENDCHAR
STARTCHAR 2A12
ENCODING 10770
SWIDTH 800 0
DWIDTH 8 0
BBX 7 11 1 -2
BITMAP
0E
08
10
10
18
28
08
38
20
20
C0
ENDCHAR
STARTCHAR 2A13
ENCODING 10771
SWIDTH 800 0
DWIDTH 8 0
BBX 7 11 1 -2
BITMAP
0E
08
10
10
08
14
08
30
20
20
C0
ENDCHAR
STARTCHAR 2A14
ENCODING 10772
SWIDTH 800 0
DWIDTH 8 0
BBX 7 11 1 -2
BITMAP
0E
08
10
10
1C
0C
04
38
20
20
C0
ENDCHAR
STARTCHAR 2A15
ENCODING 10773
SWIDTH 800 0
DWIDTH 8 0
BBX 7 11 1 -2
BITMAP
0E
08
10
10
68
58
48
30
20
20
C0
ENDCHAR
STARTCHAR 2A16
ENCODING 10774
SWIDTH 800 0
DWIDTH 8 0
BBX 7 11 1 -2
BITMAP
0E
08
10
10
78
58
68
78
20
20
C0
ENDCHAR
STARTCHAR 2A17
ENCODING 10775
SWIDTH 800 0
DWIDTH 8 0
BBX 7 11 1 -2
BITMAP
0E
08
10
10
50
F8
68
28
20
20
C0
ENDCHAR
STARTCHAR 2A18
ENCODING 10776
SWIDTH 800 0
DWIDTH 8 0
BBX 7 11 1 -2
BITMAP
0E
08
10
10
50
38
10
28
60
20
C0
ENDCHAR
STARTCHAR 2A19
ENCODING 10777
SWIDTH 800 0
DWIDTH 8 0
BBX 7 11 1 -2
BITMAP
0E
08
10
10
78
58
64
64
20
20
C0
ENDCHAR
STARTCHAR 2A1A
ENCODING 10778
SWIDTH 800 0
DWIDTH 8 0
BBX 7 11 1 -2
BITMAP
0E
08
10
10
54
54
68
38
20
20
C0
ENDCHAR
STARTCHAR 2A1B
ENCODING 10779
SWIDTH 800 0
DWIDTH 8 0
BBX 7 12 1 -2
BITMAP
0C
0E
08
10
10
10
10
20
20
20
20
C0
ENDCHAR
STARTCHAR 2A1C
ENCODING 10780
SWIDTH 800 0
DWIDTH 8 0
BBX 7 13 1 -4
BITMAP
0E
08
10
10
10
10
20
20
20
20
40
80
E0
ENDCHAR
STARTCHAR 2A1D
ENCODING 10781
SWIDTH 1000 0
DWIDTH 10 0
BBX 9 9 1 -2
BITMAP
8080
C180
A280
9480
8880
9480
A280
C180
8080
ENDCHAR
STARTCHAR 2A1E
ENCODING 10782
SWIDTH 900 0
DWIDTH 9 0
BBX 8 9 1 -2
BITMAP
01
07
19
61
81
41
31
0D
03
ENDCHAR
STARTCHAR 2A1F
ENCODING 10783
SWIDTH 400 0
DWIDTH 4 0
BBX 3 9 1 -2
BITMAP
E0
A0
A0
40
C0
A0
A0
E0
C0
ENDCHAR
STARTCHAR 2A20
ENCODING 10784
SWIDTH 1100 0
DWIDTH 11 0
BBX 10 9 1 -2
BITMAP
8800
4400
2300
1880
0440
0880
3100
4600
8800
ENDCHAR
STARTCHAR 2A21
ENCODING 10785
SWIDTH 300 0
DWIDTH 3 0
BBX 2 7 1 0
BITMAP
80
C0
80
80
80
80
80
ENDCHAR
STARTCHAR 2A22
ENCODING 10786
SWIDTH 500 0
DWIDTH 5 0
BBX 4 8 1 0
BITMAP
E0
A0
40
40
40
F0
40
40
ENDCHAR
STARTCHAR 2A23
ENCODING 10787
SWIDTH 500 0
DWIDTH 5 0
BBX 4 7 1 0
BITMAP
60
00
40
40
F0
40
40
ENDCHAR
STARTCHAR 2A24
ENCODING 10788
SWIDTH 500 0
DWIDTH 5 0
BBX 4 7 1 0
BITMAP
F0
00
40
40
F0
40
40
ENDCHAR
STARTCHAR 2A25
ENCODING 10789
SWIDTH 500 0
DWIDTH 5 0
BBX 4 6 1 -2
BITMAP
40
40
F0
40
40
40
ENDCHAR
STARTCHAR 2A26
ENCODING 10790
SWIDTH 500 0
DWIDTH 5 0
BBX 4 7 1 -2
BITMAP
40
40
F0
40
40
50
A0
ENDCHAR
STARTCHAR 2A27
ENCODING 10791
SWIDTH 600 0
DWIDTH 6 0
BBX 5 7 1 -2
BITMAP
40
40
F0
50
48
10
38
ENDCHAR
STARTCHAR 2A28
ENCODING 10792
SWIDTH 500 0
DWIDTH 5 0
BBX 4 5 1 0
BITMAP
40
40
F0
60
40
ENDCHAR
STARTCHAR 2A29
ENCODING 10793
SWIDTH 500 0
DWIDTH 5 0
BBX 4 4 1 2
BITMAP
40
40
00
F0
ENDCHAR
STARTCHAR 2A2A
ENCODING 10794
SWIDTH 500 0
DWIDTH 5 0
BBX 4 2 1 0
BITMAP
F0
40
ENDCHAR
STARTCHAR 2A2B
ENCODING 10795
SWIDTH 500 0
DWIDTH 5 0
BBX 4 4 1 0
BITMAP
80
00
F0
10
ENDCHAR
STARTCHAR 2A2C
ENCODING 10796
SWIDTH 500 0
DWIDTH 5 0
BBX 4 5 1 0
BITMAP
10
00
F0
80
80
ENDCHAR
STARTCHAR 2A2D
ENCODING 10797
SWIDTH 700 0
DWIDTH 7 0
BBX 6 8 1 -1
BITMAP
30
C0
90
90
FC
90
90
60
ENDCHAR
STARTCHAR 2A2E
ENCODING 10798
SWIDTH 700 0
DWIDTH 7 0
BBX 6 8 1 -1
BITMAP
30
08
44
44
F4
44
48
30
ENDCHAR
STARTCHAR 2A2F
ENCODING 10799
SWIDTH 500 0
DWIDTH 5 0
BBX 4 4 1 0
BITMAP
90
E0
60
B0
ENDCHAR
STARTCHAR 2A30
ENCODING 10800
SWIDTH 500 0
DWIDTH 5 0
BBX 4 5 1 1
BITMAP
40
D0
E0
60
B0
ENDCHAR
STARTCHAR 2A31
ENCODING 10801
SWIDTH 500 0
DWIDTH 5 0
BBX 4 6 1 -1
BITMAP
90
E0
60
B0
00
F0
ENDCHAR
STARTCHAR 2A32
ENCODING 10802
SWIDTH 500 0
DWIDTH 5 0
BBX 4 5 1 0
BITMAP
90
60
60
90
F0
ENDCHAR
STARTCHAR 2A33
ENCODING 10803
SWIDTH 600 0
DWIDTH 6 0
BBX 5 6 1 -1
BITMAP
90
60
E8
D0
28
50
ENDCHAR
STARTCHAR 2A34
ENCODING 10804
SWIDTH 700 0
DWIDTH 7 0
BBX 6 8 1 -1
BITMAP
30
C0
C4
A8
90
A8
80
60
ENDCHAR
STARTCHAR 2A35
ENCODING 10805
SWIDTH 700 0
DWIDTH 7 0
BBX 6 8 1 -1
BITMAP
30
08
94
E4
64
B4
08
30
ENDCHAR
STARTCHAR 2A36
ENCODING 10806
SWIDTH 900 0
DWIDTH 9 0
BBX 8 10 1 -1
BITMAP
18
20
38
C6
C6
A9
91
A9
82
7C
ENDCHAR
STARTCHAR 2A37
ENCODING 10807
SWIDTH 900 0
DWIDTH 9 0
BBX 8 8 1 -1
BITMAP
38
D6
EE
AD
95
ED
AA
7C
ENDCHAR
STARTCHAR 2A38
ENCODING 10808
SWIDTH 800 0
DWIDTH 8 0
BBX 7 7 1 -1
BITMAP
7C
94
82
FA
92
84
78
ENDCHAR
STARTCHAR 2A39
ENCODING 10809
SWIDTH 800 0
DWIDTH 8 0
BBX 7 7 1 -1
BITMAP
10
28
48
48
B4
94
FE
ENDCHAR
STARTCHAR 2A3A
ENCODING 10810
SWIDTH 800 0
DWIDTH 8 0
BBX 7 7 1 0
BITMAP
10
30
48
48
74
84
FE
ENDCHAR
STARTCHAR 2A3B
ENCODING 10811
SWIDTH 800 0
DWIDTH 8 0
BBX 7 7 1 0
BITMAP
10
30
48
48
54
A4
FE
ENDCHAR
STARTCHAR 2A3C
ENCODING 10812
SWIDTH 500 0
DWIDTH 5 0
BBX 4 3 1 1
BITMAP
10
10
F0
ENDCHAR
STARTCHAR 2A3D
ENCODING 10813
SWIDTH 500 0
DWIDTH 5 0
BBX 4 2 1 2
BITMAP
80
F0
ENDCHAR
STARTCHAR 2A3E
ENCODING 10814
SWIDTH 300 0
DWIDTH 3 0
BBX 2 6 1 0
BITMAP
C0
C0
00
C0
C0
40
ENDCHAR
STARTCHAR 2A3F
ENCODING 10815
SWIDTH 800 0
DWIDTH 8 0
BBX 7 7 1 0
BITMAP
84
84
84
84
84
84
FE
ENDCHAR
STARTCHAR 2A40
ENCODING 10816
SWIDTH 600 0
DWIDTH 6 0
BBX 5 7 1 0
BITMAP
60
98
A8
A8
88
88
88
ENDCHAR
STARTCHAR 2A41
ENCODING 10817
SWIDTH 600 0
DWIDTH 6 0
BBX 5 6 1 1
BITMAP
88
88
F8
88
88
70
ENDCHAR
STARTCHAR 2A42
ENCODING 10818
SWIDTH 600 0
DWIDTH 6 0
BBX 5 8 1 0
BITMAP
F8
00
88
88
88
88
88
70
ENDCHAR
STARTCHAR 2A43
ENCODING 10819
SWIDTH 600 0
DWIDTH 6 0
BBX 5 8 1 0
BITMAP
F8
60
98
88
88
88
88
88
ENDCHAR
STARTCHAR 2A44
ENCODING 10820
SWIDTH 600 0
DWIDTH 6 0
BBX 5 7 1 0
BITMAP
60
98
88
88
A8
E8
D8
ENDCHAR
STARTCHAR 2A45
ENCODING 10821
SWIDTH 600 0
DWIDTH 6 0
BBX 5 7 1 0
BITMAP
50
E8
A8
88
88
88
70
ENDCHAR
STARTCHAR 2A46
ENCODING 10822
SWIDTH 500 0
DWIDTH 5 0
BBX 4 7 1 -1
BITMAP
90
A0
E0
00
E0
90
10
ENDCHAR
STARTCHAR 2A47
ENCODING 10823
SWIDTH 500 0
DWIDTH 5 0
BBX 4 7 1 -1
BITMAP
E0
90
10
00
90
A0
60
ENDCHAR
STARTCHAR 2A48
ENCODING 10824
SWIDTH 500 0
DWIDTH 5 0
BBX 4 8 1 -1
BITMAP
10
90
A0
40
00
E0
90
10
ENDCHAR
STARTCHAR 2A49
ENCODING 10825
SWIDTH 500 0
DWIDTH 5 0
BBX 4 8 1 -1
BITMAP
40
A0
90
10
40
90
A0
E0
ENDCHAR
STARTCHAR 2A4A
ENCODING 10826
SWIDTH 800 0
DWIDTH 8 0
BBX 7 3 1 0
BITMAP
A2
A4
FC
ENDCHAR
STARTCHAR 2A4B
ENCODING 10827
SWIDTH 800 0
DWIDTH 8 0
BBX 7 3 1 0
BITMAP
FC
A2
A2
ENDCHAR
STARTCHAR 2A4C
ENCODING 10828
SWIDTH 700 0
DWIDTH 7 0
BBX 7 7 1 -1
BITMAP
FE
84
84
84
84
48
30
ENDCHAR
STARTCHAR 2A4D
ENCODING 10829
SWIDTH 800 0
DWIDTH 8 0
BBX 7 7 1 -1
BITMAP
78
84
84
84
84
84
FE
ENDCHAR
STARTCHAR 2A4E
ENCODING 10830
SWIDTH 700 0
DWIDTH 7 0
BBX 6 7 1 -1
BITMAP
FC
FC
CC
CC
CC
CC
4C
ENDCHAR
STARTCHAR 2A4F
ENCODING 10831
SWIDTH 700 0
DWIDTH 7 0
BBX 6 7 1 -1
BITMAP
CC
CC
CC
CC
CC
B4
FC
ENDCHAR
STARTCHAR 2A50
ENCODING 10832
SWIDTH 700 0
DWIDTH 7 0
BBX 7 7 1 -1
BITMAP
FE
84
BC
D4
B4
48
30
ENDCHAR
STARTCHAR 2A51
ENCODING 10833
SWIDTH 700 0
DWIDTH 7 0
BBX 5 8 1 0
BITMAP
20
20
20
60
50
50
88
88
ENDCHAR
STARTCHAR 2A52
ENCODING 10834
SWIDTH 700 0
DWIDTH 7 0
BBX 5 8 1 0
BITMAP
20
20
00
88
88
50
50
20
ENDCHAR
STARTCHAR 2A53
ENCODING 10835
SWIDTH 700 0
DWIDTH 7 0
BBX 5 6 1 0
BITMAP
20
60
50
B0
D8
D8
ENDCHAR
STARTCHAR 2A54
ENCODING 10836
SWIDTH 700 0
DWIDTH 7 0
BBX 5 6 1 0
BITMAP
50
D8
A8
70
50
20
ENDCHAR
STARTCHAR 2A55
ENCODING 10837
SWIDTH 700 0
DWIDTH 7 0
BBX 6 6 1 0
BITMAP
10
70
68
B8
D4
CC
ENDCHAR
STARTCHAR 2A56
ENCODING 10838
SWIDTH 700 0
DWIDTH 7 0
BBX 6 6 1 0
BITMAP
4C
D4
B8
68
70
30
ENDCHAR
STARTCHAR 2A57
ENCODING 10839
SWIDTH 700 0
DWIDTH 7 0
BBX 5 6 1 0
BITMAP
08
90
A0
C0
80
80
ENDCHAR
STARTCHAR 2A58
ENCODING 10840
SWIDTH 700 0
DWIDTH 7 0
BBX 6 6 1 0
BITMAP
04
0C
14
24
44
84
ENDCHAR
STARTCHAR 2A59
ENCODING 10841
SWIDTH 700 0
DWIDTH 7 0
BBX 5 6 1 1
BITMAP
A8
E8
50
50
A8
88
ENDCHAR
STARTCHAR 2A5A
ENCODING 10842
SWIDTH 700 0
DWIDTH 7 0
BBX 5 6 1 0
BITMAP
20
20
70
70
A8
A8
ENDCHAR
STARTCHAR 2A5B
ENCODING 10843
SWIDTH 700 0
DWIDTH 7 0
BBX 5 6 1 0
BITMAP
20
A8
A8
70
30
20
ENDCHAR
STARTCHAR 2A5C
ENCODING 10844
SWIDTH 700 0
DWIDTH 7 0
BBX 6 6 1 0
BITMAP
20
30
50
48
B8
84
ENDCHAR
STARTCHAR 2A5D
ENCODING 10845
SWIDTH 700 0
DWIDTH 7 0
BBX 6 6 1 0
BITMAP
84
88
78
50
30
20
ENDCHAR
STARTCHAR 2A5E
ENCODING 10846
SWIDTH 700 0
DWIDTH 7 0
BBX 5 9 1 0
BITMAP
F8
00
F8
20
60
50
50
88
88
ENDCHAR
STARTCHAR 2A5F
ENCODING 10847
SWIDTH 700 0
DWIDTH 7 0
BBX 5 7 1 -1
BITMAP
20
60
50
50
88
88
F8
ENDCHAR
STARTCHAR 2A60
ENCODING 10848
SWIDTH 700 0
DWIDTH 7 0
BBX 5 9 1 -3
BITMAP
20
60
50
50
88
88
F8
00
F8
ENDCHAR
STARTCHAR 2A61
ENCODING 10849
SWIDTH 500 0
DWIDTH 5 0
BBX 4 4 1 1
BITMAP
90
60
40
F0
ENDCHAR
STARTCHAR 2A62
ENCODING 10850
SWIDTH 700 0
DWIDTH 7 0
BBX 5 9 1 0
BITMAP
F8
00
F8
00
88
88
50
50
20
ENDCHAR
STARTCHAR 2A63
ENCODING 10851
SWIDTH 700 0
DWIDTH 7 0
BBX 5 8 1 -2
BITMAP
88
88
50
50
20
F8
00
F8
ENDCHAR
STARTCHAR 2A64
ENCODING 10852
SWIDTH 700 0
DWIDTH 7 0
BBX 6 6 1 -1
BITMAP
04
1C
64
FC
24
1C
ENDCHAR
STARTCHAR 2A65
ENCODING 10853
SWIDTH 700 0
DWIDTH 7 0
BBX 6 6 1 -1
BITMAP
80
E0
98
FC
B0
C0
ENDCHAR
STARTCHAR 2A66
ENCODING 10854
SWIDTH 500 0
DWIDTH 5 0
BBX 4 4 1 -1
BITMAP
F0
00
F0
40
ENDCHAR
STARTCHAR 2A67
ENCODING 10855
SWIDTH 500 0
DWIDTH 5 0
BBX 4 6 1 1
BITMAP
40
00
F0
00
F0
F0
ENDCHAR
STARTCHAR 2A68
ENCODING 10856
SWIDTH 700 0
DWIDTH 7 0
BBX 6 7 1 -1
BITMAP
50
FC
50
FC
50
F8
50
ENDCHAR
STARTCHAR 2A69
ENCODING 10857
SWIDTH 700 0
DWIDTH 7 0
BBX 6 7 1 -1
BITMAP
A8
FC
A8
FC
A8
F8
28
ENDCHAR
STARTCHAR 2A6A
ENCODING 10858
SWIDTH 500 0
DWIDTH 5 0
BBX 4 3 1 2
BITMAP
40
00
F0
ENDCHAR
STARTCHAR 2A6B
ENCODING 10859
SWIDTH 500 0
DWIDTH 5 0
BBX 4 4 1 1
BITMAP
30
00
F0
80
ENDCHAR
STARTCHAR 2A6C
ENCODING 10860
SWIDTH 500 0
DWIDTH 5 0
BBX 4 4 1 1
BITMAP
F0
00
F0
F0
ENDCHAR
STARTCHAR 2A6D
ENCODING 10861
SWIDTH 500 0
DWIDTH 5 0
BBX 4 6 1 0
BITMAP
40
00
F0
00
F0
F0
ENDCHAR
STARTCHAR 2A6E
ENCODING 10862
SWIDTH 500 0
DWIDTH 5 0
BBX 4 6 1 1
BITMAP
40
60
00
F0
00
F0
ENDCHAR
STARTCHAR 2A6F
ENCODING 10863
SWIDTH 500 0
DWIDTH 5 0
BBX 4 5 1 1
BITMAP
60
00
F0
00
F0
ENDCHAR
STARTCHAR 2A70
ENCODING 10864
SWIDTH 500 0
DWIDTH 5 0
BBX 4 6 1 0
BITMAP
C0
30
F0
00
F0
F0
ENDCHAR
STARTCHAR 2A71
ENCODING 10865
SWIDTH 500 0
DWIDTH 5 0
BBX 4 8 1 -1
BITMAP
F0
00
F0
40
40
F0
40
40
ENDCHAR
STARTCHAR 2A72
ENCODING 10866
SWIDTH 500 0
DWIDTH 5 0
BBX 4 8 1 -1
BITMAP
40
40
40
F0
40
00
F0
F0
ENDCHAR
STARTCHAR 2A73
ENCODING 10867
SWIDTH 500 0
DWIDTH 5 0
BBX 4 4 1 1
BITMAP
F0
00
F0
F0
ENDCHAR
STARTCHAR 2A74
ENCODING 10868
SWIDTH 700 0
DWIDTH 7 0
BBX 6 3 1 1
BITMAP
DC
00
DC
ENDCHAR
STARTCHAR 2A75
ENCODING 10869
SWIDTH 800 0
DWIDTH 8 0
BBX 7 3 1 1
BITMAP
EE
00
EE
ENDCHAR
STARTCHAR 2A76
ENCODING 10870
SWIDTH 1300 0
DWIDTH 13 0
BBX 12 3 1 1
BITMAP
EEF0
0000
EEF0
ENDCHAR
STARTCHAR 2A77
ENCODING 10871
SWIDTH 500 0
DWIDTH 5 0
BBX 4 6 1 -1
BITMAP
E0
00
F0
00
F0
A0
ENDCHAR
STARTCHAR 2A78
ENCODING 10872
SWIDTH 500 0
DWIDTH 5 0
BBX 4 6 1 1
BITMAP
30
00
F0
00
F0
F0
ENDCHAR
STARTCHAR 2A79
ENCODING 10873
SWIDTH 600 0
DWIDTH 6 0
BBX 5 4 1 0
BITMAP
10
78
98
70
ENDCHAR
STARTCHAR 2A7A
ENCODING 10874
SWIDTH 600 0
DWIDTH 6 0
BBX 5 5 1 0
BITMAP
C0
B0
C8
70
80
ENDCHAR
STARTCHAR 2A7B
ENCODING 10875
SWIDTH 500 0
DWIDTH 5 0
BBX 4 5 1 0
BITMAP
80
10
60
80
70
ENDCHAR
STARTCHAR 2A7C
ENCODING 10876
SWIDTH 500 0
DWIDTH 5 0
BBX 4 5 1 0
BITMAP
10
80
60
10
E0
ENDCHAR
STARTCHAR 2A7D
ENCODING 10877
SWIDTH 500 0
DWIDTH 5 0
BBX 4 7 1 -1
BITMAP
10
60
80
60
90
60
10
ENDCHAR
STARTCHAR 2A7E
ENCODING 10878
SWIDTH 500 0
DWIDTH 5 0
BBX 4 6 1 -1
BITMAP
80
60
10
E0
30
C0
ENDCHAR
STARTCHAR 2A7F
ENCODING 10879
SWIDTH 500 0
DWIDTH 5 0
BBX 4 7 1 -1
BITMAP
10
60
90
60
90
60
10
ENDCHAR
STARTCHAR 2A80
ENCODING 10880
SWIDTH 500 0
DWIDTH 5 0
BBX 4 6 1 -1
BITMAP
80
60
90
E0
30
C0
ENDCHAR
STARTCHAR 2A81
ENCODING 10881
SWIDTH 500 0
DWIDTH 5 0
BBX 4 7 1 -1
BITMAP
90
60
80
60
90
60
10
ENDCHAR
STARTCHAR 2A82
ENCODING 10882
SWIDTH 500 0
DWIDTH 5 0
BBX 4 6 1 -1
BITMAP
90
60
10
E0
30
C0
ENDCHAR
STARTCHAR 2A83
ENCODING 10883
SWIDTH 500 0
DWIDTH 5 0
BBX 4 9 1 -1
BITMAP
10
00
10
60
80
60
90
60
10
ENDCHAR
STARTCHAR 2A84
ENCODING 10884
SWIDTH 500 0
DWIDTH 5 0
BBX 4 8 1 -1
BITMAP
80
00
80
60
10
E0
30
C0
ENDCHAR
STARTCHAR 2A85
ENCODING 10885
SWIDTH 500 0
DWIDTH 5 0
BBX 4 7 1 -1
BITMAP
30
C0
60
10
C0
30
F0
ENDCHAR
STARTCHAR 2A86
ENCODING 10886
SWIDTH 500 0
DWIDTH 5 0
BBX 4 7 1 -1
BITMAP
C0
30
E0
00
F0
00
F0
ENDCHAR
STARTCHAR 2A87
ENCODING 10887
SWIDTH 500 0
DWIDTH 5 0
BBX 4 7 1 -1
BITMAP
30
C0
C0
30
40
F0
40
ENDCHAR
STARTCHAR 2A88
ENCODING 10888
SWIDTH 500 0
DWIDTH 5 0
BBX 4 7 1 -1
BITMAP
C0
30
20
C0
20
D0
40
ENDCHAR
STARTCHAR 2A89
ENCODING 10889
SWIDTH 500 0
DWIDTH 5 0
BBX 4 7 1 -2
BITMAP
30
C0
60
30
E0
50
F0
ENDCHAR
STARTCHAR 2A8A
ENCODING 10890
SWIDTH 500 0
DWIDTH 5 0
BBX 4 7 1 -1
BITMAP
C0
30
E0
20
F0
40
F0
ENDCHAR
STARTCHAR 2A8B
ENCODING 10891
SWIDTH 500 0
DWIDTH 5 0
BBX 4 10 1 -3
BITMAP
30
C0
60
10
F0
00
F0
C0
30
E0
ENDCHAR
STARTCHAR 2A8C
ENCODING 10892
SWIDTH 500 0
DWIDTH 5 0
BBX 4 11 1 -3
BITMAP
80
70
60
80
F0
00
F0
30
C0
60
10
ENDCHAR
STARTCHAR 2A8D
ENCODING 10893
SWIDTH 500 0
DWIDTH 5 0
BBX 4 7 1 -1
BITMAP
30
C0
60
10
C0
30
F0
ENDCHAR
STARTCHAR 2A8E
ENCODING 10894
SWIDTH 500 0
DWIDTH 5 0
BBX 4 7 1 -1
BITMAP
C0
30
60
80
C0
30
F0
ENDCHAR
STARTCHAR 2A8F
ENCODING 10895
SWIDTH 500 0
DWIDTH 5 0
BBX 4 11 1 -3
BITMAP
10
E0
60
10
00
F0
00
C0
30
60
80
ENDCHAR
STARTCHAR 2A90
ENCODING 10896
SWIDTH 500 0
DWIDTH 5 0
BBX 4 11 1 -3
BITMAP
80
70
60
80
00
F0
00
30
C0
60
10
ENDCHAR
STARTCHAR 2A91
ENCODING 10897
SWIDTH 500 0
DWIDTH 5 0
BBX 4 9 1 -2
BITMAP
30
C0
60
D0
30
60
80
F0
F0
ENDCHAR
STARTCHAR 2A92
ENCODING 10898
SWIDTH 500 0
DWIDTH 5 0
BBX 4 9 1 -2
BITMAP
C0
30
E0
30
C0
60
10
F0
F0
ENDCHAR
STARTCHAR 2A93
ENCODING 10899
SWIDTH 500 0
DWIDTH 5 0
BBX 4 10 1 -2
BITMAP
10
E0
C0
30
E0
90
70
60
90
E0
ENDCHAR
STARTCHAR 2A94
ENCODING 10900
SWIDTH 500 0
DWIDTH 5 0
BBX 4 10 1 -2
BITMAP
80
70
30
D0
60
90
E0
60
90
70
ENDCHAR
STARTCHAR 2A95
ENCODING 10901
SWIDTH 500 0
DWIDTH 5 0
BBX 4 6 1 -1
BITMAP
30
C0
30
C0
C0
30
ENDCHAR
STARTCHAR 2A96
ENCODING 10902
SWIDTH 500 0
DWIDTH 5 0
BBX 4 6 1 -1
BITMAP
80
60
90
60
30
C0
ENDCHAR
STARTCHAR 2A97
ENCODING 10903
SWIDTH 500 0
DWIDTH 5 0
BBX 4 6 1 -1
BITMAP
30
C0
30
D0
D0
30
ENDCHAR
STARTCHAR 2A98
ENCODING 10904
SWIDTH 500 0
DWIDTH 5 0
BBX 4 6 1 -1
BITMAP
80
60
90
60
B0
C0
ENDCHAR
STARTCHAR 2A99
ENCODING 10905
SWIDTH 500 0
DWIDTH 5 0
BBX 4 6 1 0
BITMAP
F0
00
F0
30
C0
70
ENDCHAR
STARTCHAR 2A9A
ENCODING 10906
SWIDTH 500 0
DWIDTH 5 0
BBX 4 6 1 0
BITMAP
F0
00
F0
C0
30
E0
ENDCHAR
STARTCHAR 2A9B
ENCODING 10907
SWIDTH 500 0
DWIDTH 5 0
BBX 4 8 1 -2
BITMAP
10
60
90
E0
30
C0
80
70
ENDCHAR
STARTCHAR 2A9C
ENCODING 10908
SWIDTH 500 0
DWIDTH 5 0
BBX 4 8 1 -2
BITMAP
80
60
90
60
90
60
30
C0
ENDCHAR
STARTCHAR 2A9D
ENCODING 10909
SWIDTH 500 0
DWIDTH 5 0
BBX 4 6 1 0
BITMAP
80
70
10
E0
C0
30
ENDCHAR
STARTCHAR 2A9E
ENCODING 10910
SWIDTH 500 0
DWIDTH 5 0
BBX 4 6 1 0
BITMAP
80
70
00
E0
30
C0
ENDCHAR
STARTCHAR 2A9F
ENCODING 10911
SWIDTH 500 0
DWIDTH 5 0
BBX 4 8 1 -1
BITMAP
C0
30
30
C0
60
10
F0
F0
ENDCHAR
STARTCHAR 2AA0
ENCODING 10912
SWIDTH 500 0
DWIDTH 5 0
BBX 4 8 1 -1
BITMAP
C0
30
80
70
60
80
F0
F0
ENDCHAR
STARTCHAR 2AA1
ENCODING 10913
SWIDTH 700 0
DWIDTH 7 0
BBX 6 7 1 -1
BITMAP
04
38
CC
90
6C
18
04
ENDCHAR
STARTCHAR 2AA2
ENCODING 10914
SWIDTH 700 0
DWIDTH 7 0
BBX 6 7 1 -1
BITMAP
80
70
CC
24
D8
60
80
ENDCHAR
STARTCHAR 2AA3
ENCODING 10915
SWIDTH 800 0
DWIDTH 8 0
BBX 7 6 1 0
BITMAP
12
6C
90
48
36
FE
ENDCHAR
STARTCHAR 2AA4
ENCODING 10916
SWIDTH 600 0
DWIDTH 6 0
BBX 5 5 1 1
BITMAP
98
60
50
70
88
ENDCHAR
STARTCHAR 2AA5
ENCODING 10917
SWIDTH 1100 0
DWIDTH 11 0
BBX 10 6 1 0
BITMAP
0040
8080
6300
1400
6300
80C0
ENDCHAR
STARTCHAR 2AA6
ENCODING 10918
SWIDTH 700 0
DWIDTH 7 0
BBX 6 5 1 1
BITMAP
3C
C4
84
64
18
ENDCHAR
STARTCHAR 2AA7
ENCODING 10919
SWIDTH 700 0
DWIDTH 7 0
BBX 6 5 1 1
BITMAP
E0
98
84
B8
40
ENDCHAR
STARTCHAR 2AA8
ENCODING 10920
SWIDTH 700 0
DWIDTH 7 0
BBX 6 7 1 -1
BITMAP
18
64
84
64
98
60
18
ENDCHAR
STARTCHAR 2AA9
ENCODING 10921
SWIDTH 700 0
DWIDTH 7 0
BBX 6 7 1 -1
BITMAP
E0
98
84
98
6C
30
40
ENDCHAR
STARTCHAR 2AAA
ENCODING 10922
SWIDTH 600 0
DWIDTH 6 0
BBX 5 5 1 1
BITMAP
18
E0
F8
20
18
ENDCHAR
STARTCHAR 2AAB
ENCODING 10923
SWIDTH 600 0
DWIDTH 6 0
BBX 5 5 1 1
BITMAP
C0
30
F8
20
C0
ENDCHAR
STARTCHAR 2AAC
ENCODING 10924
SWIDTH 600 0
DWIDTH 6 0
BBX 5 7 1 -1
BITMAP
18
60
F8
40
38
00
F8
ENDCHAR
STARTCHAR 2AAD
ENCODING 10925
SWIDTH 600 0
DWIDTH 6 0
BBX 5 7 1 -1
BITMAP
80
60
F8
30
C0
00
F8
ENDCHAR
STARTCHAR 2AAE
ENCODING 10926
SWIDTH 500 0
DWIDTH 5 0
BBX 4 6 1 0
BITMAP
40
A0
90
00
F0
F0
ENDCHAR
STARTCHAR 2AAF
ENCODING 10927
SWIDTH 500 0
DWIDTH 5 0
BBX 4 6 1 0
BITMAP
10
20
C0
60
10
F0
ENDCHAR
STARTCHAR 2AB0
ENCODING 10928
SWIDTH 500 0
DWIDTH 5 0
BBX 4 6 1 0
BITMAP
80
C0
30
40
80
F0
ENDCHAR
STARTCHAR 2AB1
ENCODING 10929
SWIDTH 500 0
DWIDTH 5 0
BBX 4 8 1 -2
BITMAP
10
20
C0
60
10
40
F0
40
ENDCHAR
STARTCHAR 2AB2
ENCODING 10930
SWIDTH 500 0
DWIDTH 5 0
BBX 4 7 1 -2
BITMAP
80
C0
30
40
80
40
F0
ENDCHAR
STARTCHAR 2AB3
ENCODING 10931
SWIDTH 500 0
DWIDTH 5 0
BBX 4 7 1 0
BITMAP
20
C0
40
30
00
F0
F0
ENDCHAR
STARTCHAR 2AB4
ENCODING 10932
SWIDTH 500 0
DWIDTH 5 0
BBX 4 7 1 0
BITMAP
C0
30
60
80
00
F0
F0
ENDCHAR
STARTCHAR 2AB5
ENCODING 10933
SWIDTH 500 0
DWIDTH 5 0
BBX 4 8 1 -1
BITMAP
20
C0
40
30
20
F0
40
F0
ENDCHAR
STARTCHAR 2AB6
ENCODING 10934
SWIDTH 500 0
DWIDTH 5 0
BBX 4 8 1 -1
BITMAP
C0
30
60
80
20
F0
40
F0
ENDCHAR
STARTCHAR 2AB7
ENCODING 10935
SWIDTH 500 0
DWIDTH 5 0
BBX 4 7 1 0
BITMAP
30
C0
60
10
80
70
F0
ENDCHAR
STARTCHAR 2AB8
ENCODING 10936
SWIDTH 500 0
DWIDTH 5 0
BBX 4 8 1 -1
BITMAP
80
70
60
80
00
F0
C0
30
ENDCHAR
STARTCHAR 2AB9
ENCODING 10937
SWIDTH 500 0
DWIDTH 5 0
BBX 4 8 1 -1
BITMAP
30
C0
60
10
A0
70
C0
B0
ENDCHAR
STARTCHAR 2ABA
ENCODING 10938
SWIDTH 500 0
DWIDTH 5 0
BBX 4 8 1 -1
BITMAP
80
70
60
80
20
F0
C0
70
ENDCHAR
STARTCHAR 2ABB
ENCODING 10939
SWIDTH 800 0
DWIDTH 8 0
BBX 7 4 1 0
BITMAP
12
6C
D8
24
ENDCHAR
STARTCHAR 2ABC
ENCODING 10940
SWIDTH 800 0
DWIDTH 8 0
BBX 7 5 1 0
BITMAP
90
48
36
D8
20
ENDCHAR
STARTCHAR 2ABD
ENCODING 10941
SWIDTH 600 0
DWIDTH 6 0
BBX 5 6 1 0
BITMAP
78
80
A0
B0
80
F8
ENDCHAR
STARTCHAR 2ABE
ENCODING 10942
SWIDTH 600 0
DWIDTH 6 0
BBX 5 6 1 0
BITMAP
F0
08
28
68
08
F8
ENDCHAR
STARTCHAR 2ABF
ENCODING 10943
SWIDTH 600 0
DWIDTH 6 0
BBX 5 8 1 -1
BITMAP
78
80
80
80
F8
00
20
30
ENDCHAR
STARTCHAR 2AC0
ENCODING 10944
SWIDTH 600 0
DWIDTH 6 0
BBX 5 8 1 -1
BITMAP
F0
08
08
08
F0
00
40
40
ENDCHAR
STARTCHAR 2AC1
ENCODING 10945
SWIDTH 600 0
DWIDTH 6 0
BBX 5 8 1 -1
BITMAP
78
80
80
80
F8
00
30
30
ENDCHAR
STARTCHAR 2AC2
ENCODING 10946
SWIDTH 600 0
DWIDTH 6 0
BBX 5 8 1 -1
BITMAP
F0
08
08
08
F0
00
60
60
ENDCHAR
STARTCHAR 2AC3
ENCODING 10947
SWIDTH 600 0
DWIDTH 6 0
BBX 5 8 1 -1
BITMAP
20
00
F8
80
80
80
78
F8
ENDCHAR
STARTCHAR 2AC4
ENCODING 10948
SWIDTH 600 0
DWIDTH 6 0
BBX 5 8 1 -1
BITMAP
60
00
F8
08
08
18
E0
F8
ENDCHAR
STARTCHAR 2AC5
ENCODING 10949
SWIDTH 600 0
DWIDTH 6 0
BBX 5 8 1 -1
BITMAP
78
80
80
80
F8
00
F8
F8
ENDCHAR
STARTCHAR 2AC6
ENCODING 10950
SWIDTH 600 0
DWIDTH 6 0
BBX 5 8 1 -1
BITMAP
F0
08
08
08
F0
00
F8
F8
ENDCHAR
STARTCHAR 2AC7
ENCODING 10951
SWIDTH 600 0
DWIDTH 6 0
BBX 5 7 1 -1
BITMAP
F8
80
80
80
80
78
78
ENDCHAR
STARTCHAR 2AC8
ENCODING 10952
SWIDTH 600 0
DWIDTH 6 0
BBX 5 7 1 -1
BITMAP
F8
08
08
08
08
F0
F0
ENDCHAR
STARTCHAR 2AC9
ENCODING 10953
SWIDTH 600 0
DWIDTH 6 0
BBX 5 8 1 -1
BITMAP
78
80
80
80
78
40
B8
F8
ENDCHAR
STARTCHAR 2ACA
ENCODING 10954
SWIDTH 600 0
DWIDTH 6 0
BBX 5 8 1 -1
BITMAP
F0
08
08
08
F0
00
F0
F8
ENDCHAR
STARTCHAR 2ACB
ENCODING 10955
SWIDTH 600 0
DWIDTH 6 0
BBX 5 9 1 -2
BITMAP
78
80
80
80
F8
00
F8
F8
40
ENDCHAR
STARTCHAR 2ACC
ENCODING 10956
SWIDTH 600 0
DWIDTH 6 0
BBX 5 9 1 -2
BITMAP
F0
08
08
08
F0
00
F8
F8
40
ENDCHAR
STARTCHAR 2ACD
ENCODING 10957
SWIDTH 1000 0
DWIDTH 10 0
BBX 9 5 1 0
BITMAP
FF80
8000
8000
8000
F000
ENDCHAR
STARTCHAR 2ACE
ENCODING 10958
SWIDTH 1000 0
DWIDTH 10 0
BBX 9 5 1 0
BITMAP
FF80
0080
0080
0080
0F80
ENDCHAR
STARTCHAR 2ACF
ENCODING 10959
SWIDTH 600 0
DWIDTH 6 0
BBX 5 5 1 0
BITMAP
F8
88
88
88
78
ENDCHAR
STARTCHAR 2AD0
ENCODING 10960
SWIDTH 600 0
DWIDTH 6 0
BBX 5 5 1 0
BITMAP
F8
88
88
88
F0
ENDCHAR
STARTCHAR 2AD1
ENCODING 10961
SWIDTH 600 0
DWIDTH 6 0
BBX 5 6 1 0
BITMAP
78
88
88
88
78
F8
ENDCHAR
STARTCHAR 2AD2
ENCODING 10962
SWIDTH 600 0
DWIDTH 6 0
BBX 5 6 1 0
BITMAP
F0
88
88
88
F0
F8
ENDCHAR
STARTCHAR 2AD3
ENCODING 10963
SWIDTH 600 0
DWIDTH 6 0
BBX 5 10 1 -2
BITMAP
F8
80
80
80
78
00
F8
08
08
F8
ENDCHAR
STARTCHAR 2AD4
ENCODING 10964
SWIDTH 600 0
DWIDTH 6 0
BBX 5 10 1 -2
BITMAP
F0
08
08
08
F0
00
F8
80
80
F8
ENDCHAR
STARTCHAR 2AD5
ENCODING 10965
SWIDTH 600 0
DWIDTH 6 0
BBX 5 10 1 -2
BITMAP
78
80
80
80
78
00
F8
80
80
F8
ENDCHAR
STARTCHAR 2AD6
ENCODING 10966
SWIDTH 600 0
DWIDTH 6 0
BBX 5 10 1 -2
BITMAP
F0
08
08
08
F0
00
F8
08
08
F8
ENDCHAR
STARTCHAR 2AD7
ENCODING 10967
SWIDTH 1300 0
DWIDTH 13 0
BBX 12 5 1 0
BITMAP
F9F0
0A00
0A00
0A00
F1F0
ENDCHAR
STARTCHAR 2AD8
ENCODING 10968
SWIDTH 1300 0
DWIDTH 13 0
BBX 12 5 1 0
BITMAP
F9F0
0A00
1F00
0A00
F1F0
ENDCHAR
STARTCHAR 2AD9
ENCODING 10969
SWIDTH 600 0
DWIDTH 6 0
BBX 5 6 1 0
BITMAP
70
A8
A8
A8
A8
A8
ENDCHAR
STARTCHAR 2ADA
ENCODING 10970
SWIDTH 600 0
DWIDTH 6 0
BBX 5 8 1 -2
BITMAP
20
70
A8
A8
A8
A8
20
20
ENDCHAR
STARTCHAR 2ADB
ENCODING 10971
SWIDTH 600 0
DWIDTH 6 0
BBX 5 8 1 -1
BITMAP
20
60
B8
A8
A8
A8
A8
20
ENDCHAR
STARTCHAR 2ADC
ENCODING 10972
SWIDTH 600 0
DWIDTH 6 0
BBX 5 5 1 0
BITMAP
50
68
C8
D0
F0
ENDCHAR
STARTCHAR 2ADD
ENCODING 10973
SWIDTH 500 0
DWIDTH 5 0
BBX 4 5 1 0
BITMAP
40
40
D0
D0
E0
ENDCHAR
STARTCHAR 2ADE
ENCODING 10974
SWIDTH 400 0
DWIDTH 4 0
BBX 3 6 1 -1
BITMAP
20
20
20
E0
20
20
ENDCHAR
STARTCHAR 2ADF
ENCODING 10975
SWIDTH 700 0
DWIDTH 7 0
BBX 6 4 1 1
BITMAP
FC
20
20
20
ENDCHAR
STARTCHAR 2AE0
ENCODING 10976
SWIDTH 700 0
DWIDTH 7 0
BBX 6 4 1 1
BITMAP
20
20
20
FC
ENDCHAR
STARTCHAR 2AE1
ENCODING 10977
SWIDTH 700 0
DWIDTH 7 0
BBX 6 7 1 0
BITMAP
20
20
20
2C
28
28
FC
ENDCHAR
STARTCHAR 2AE2
ENCODING 10978
SWIDTH 700 0
DWIDTH 7 0
BBX 6 6 1 -1
BITMAP
80
FC
80
FC
FC
80
ENDCHAR
STARTCHAR 2AE3
ENCODING 10979
SWIDTH 800 0
DWIDTH 8 0
BBX 7 7 1 0
BITMAP
0A
0A
0A
FA
0A
0A
0A
ENDCHAR
STARTCHAR 2AE4
ENCODING 10980
SWIDTH 700 0
DWIDTH 7 0
BBX 6 7 1 -1
BITMAP
04
04
FC
04
FC
04
04
ENDCHAR
STARTCHAR 2AE5
ENCODING 10981
SWIDTH 800 0
DWIDTH 8 0
BBX 7 7 1 0
BITMAP
0A
0A
FA
0A
0A
FA
0A
ENDCHAR
STARTCHAR 2AE6
ENCODING 10982
SWIDTH 800 0
DWIDTH 8 0
BBX 7 6 1 0
BITMAP
C0
C0
C0
FE
C0
C0
ENDCHAR
STARTCHAR 2AE7
ENCODING 10983
SWIDTH 700 0
DWIDTH 7 0
BBX 6 6 1 0
BITMAP
FC
00
FC
20
20
20
ENDCHAR
STARTCHAR 2AE8
ENCODING 10984
SWIDTH 700 0
DWIDTH 7 0
BBX 6 6 1 0
BITMAP
20
20
20
FC
00
FC
ENDCHAR
STARTCHAR 2AE9
ENCODING 10985
SWIDTH 700 0
DWIDTH 7 0
BBX 6 9 1 -2
BITMAP
20
20
20
FC
00
FC
20
20
20
ENDCHAR
STARTCHAR 2AEA
ENCODING 10986
SWIDTH 700 0
DWIDTH 7 0
BBX 6 7 1 0
BITMAP
FC
50
50
50
50
50
50
ENDCHAR
STARTCHAR 2AEB
ENCODING 10987
SWIDTH 700 0
DWIDTH 7 0
BBX 6 7 1 0
BITMAP
40
50
50
50
50
50
FC
ENDCHAR
STARTCHAR 2AEC
ENCODING 10988
SWIDTH 500 0
DWIDTH 5 0
BBX 4 3 1 1
BITMAP
F0
F0
10
ENDCHAR
STARTCHAR 2AED
ENCODING 10989
SWIDTH 500 0
DWIDTH 5 0
BBX 4 2 1 2
BITMAP
F0
F0
ENDCHAR
STARTCHAR 2AEE
ENCODING 10990
SWIDTH 400 0
DWIDTH 4 0
BBX 3 8 1 -2
BITMAP
80
80
80
80
40
A0
80
80
ENDCHAR
STARTCHAR 2AEF
ENCODING 10991
SWIDTH 300 0
DWIDTH 3 0
BBX 2 7 1 -1
BITMAP
C0
C0
80
80
80
80
80
ENDCHAR
STARTCHAR 2AF0
ENCODING 10992
SWIDTH 300 0
DWIDTH 3 0
BBX 2 7 1 -1
BITMAP
80
80
80
80
C0
C0
C0
ENDCHAR
STARTCHAR 2AF1
ENCODING 10993
SWIDTH 400 0
DWIDTH 4 0
BBX 3 10 1 -2
BITMAP
E0
40
40
40
40
40
40
A0
A0
E0
ENDCHAR
STARTCHAR 2AF2
ENCODING 10994
SWIDTH 500 0
DWIDTH 5 0
BBX 4 9 1 -2
BITMAP
A0
A0
A0
A0
F0
A0
A0
A0
20
ENDCHAR
STARTCHAR 2AF3
ENCODING 10995
SWIDTH 500 0
DWIDTH 5 0
BBX 4 9 1 -2
BITMAP
A0
A0
A0
A0
F0
A0
A0
A0
20
ENDCHAR
STARTCHAR 2AF4
ENCODING 10996
SWIDTH 500 0
DWIDTH 5 0
BBX 4 9 1 -2
BITMAP
D0
D0
D0
D0
D0
D0
D0
D0
50
ENDCHAR
STARTCHAR 2AF5
ENCODING 10997
SWIDTH 700 0
DWIDTH 7 0
BBX 6 9 1 -2
BITMAP
A8
A8
A8
A8
FC
A8
A8
A8
A8
ENDCHAR
STARTCHAR 2AF6
ENCODING 10998
SWIDTH 200 0
DWIDTH 2 0
BBX 1 7 1 -1
BITMAP
80
00
00
80
00
00
80
ENDCHAR
STARTCHAR 2AF7
ENCODING 10999
SWIDTH 900 0
DWIDTH 9 0
BBX 8 8 1 -2
BITMAP
01
06
3A
CD
92
6C
1B
06
ENDCHAR
STARTCHAR 2AF8
ENCODING 11000
SWIDTH 900 0
DWIDTH 9 0
BBX 8 8 1 -2
BITMAP
80
60
D8
B6
9B
6C
B0
C0
ENDCHAR
STARTCHAR 2AF9
ENCODING 11001
SWIDTH 500 0
DWIDTH 5 0
BBX 4 8 1 -2
BITMAP
10
60
80
60
90
60
90
70
ENDCHAR
STARTCHAR 2AFA
ENCODING 11002
SWIDTH 500 0
DWIDTH 5 0
BBX 4 8 1 -2
BITMAP
80
60
10
60
B0
C0
30
C0
ENDCHAR
STARTCHAR 2AFB
ENCODING 11003
SWIDTH 700 0
DWIDTH 7 0
BBX 6 9 1 -2
BITMAP
54
54
54
68
A8
A8
A8
D0
50
ENDCHAR
STARTCHAR 2AFC
ENCODING 11004
SWIDTH 500 0
DWIDTH 5 0
BBX 4 9 1 -2
BITMAP
D0
D0
D0
D0
D0
D0
D0
D0
D0
ENDCHAR
STARTCHAR 2AFD
ENCODING 11005
SWIDTH 500 0
DWIDTH 5 0
BBX 4 9 1 -2
BITMAP
50
50
50
60
A0
A0
A0
C0
40
ENDCHAR
STARTCHAR 2AFE
ENCODING 11006
SWIDTH 300 0
DWIDTH 3 0
BBX 2 6 1 0
BITMAP
C0
C0
C0
C0
C0
C0
ENDCHAR
STARTCHAR 2AFF
ENCODING 11007
SWIDTH 300 0
DWIDTH 3 0
BBX 2 9 1 -2
BITMAP
C0
C0
C0
C0
C0
C0
C0
C0
C0
ENDCHAR
STARTCHAR 2B00
ENCODING 11008
SWIDTH 600 0
DWIDTH 6 0
BBX 5 6 1 0
BITMAP
78
28
48
90
A0
40
ENDCHAR
STARTCHAR 2B01
ENCODING 11009
SWIDTH 600 0
DWIDTH 6 0
BBX 5 6 1 0
BITMAP
E0
A0
90
48
28
10
ENDCHAR
STARTCHAR 2B02
ENCODING 11010
SWIDTH 600 0
DWIDTH 6 0
BBX 5 6 1 0
BITMAP
40
A0
98
48
28
78
ENDCHAR
STARTCHAR 2B03
ENCODING 11011
SWIDTH 600 0
DWIDTH 6 0
BBX 5 6 1 0
BITMAP
10
28
C8
90
A0
E0
ENDCHAR
STARTCHAR 2B04
ENCODING 11012
SWIDTH 900 0
DWIDTH 9 0
BBX 8 5 1 1
BITMAP
44
BE
81
82
7C
ENDCHAR
STARTCHAR 2B0E
ENCODING 11022
SWIDTH 1000 0
DWIDTH 10 0
BBX 9 5 1 0
BITMAP
FE00
0200
0280
0700
0200
ENDCHAR
STARTCHAR 2B0F
ENCODING 11023
SWIDTH 1000 0
DWIDTH 10 0
BBX 9 5 1 4
BITMAP
0200
0700
0280
0200
FE00
ENDCHAR
STARTCHAR 2B10
ENCODING 11024
SWIDTH 1000 0
DWIDTH 10 0
BBX 9 5 1 0
BITMAP
7F80
4000
4000
E000
4000
ENDCHAR
STARTCHAR 2B11
ENCODING 11025
SWIDTH 1000 0
DWIDTH 10 0
BBX 9 5 1 4
BITMAP
4000
E000
4000
4000
7F80
ENDCHAR
STARTCHAR 2B12
ENCODING 11026
SWIDTH 700 0
DWIDTH 7 0
BBX 5 6 1 0
BITMAP
F8
F8
F8
88
88
F8
ENDCHAR
STARTCHAR 2B13
ENCODING 11027
SWIDTH 700 0
DWIDTH 7 0
BBX 5 6 1 0
BITMAP
F8
88
88
F8
F8
F8
ENDCHAR
STARTCHAR 2B14
ENCODING 11028
SWIDTH 700 0
DWIDTH 7 0
BBX 5 6 1 0
BITMAP
F8
F8
B8
98
88
F8
ENDCHAR
STARTCHAR 2B15
ENCODING 11029
SWIDTH 700 0
DWIDTH 7 0
BBX 5 6 1 0
BITMAP
F8
88
C8
E8
F8
F8
ENDCHAR
STARTCHAR 2B16
ENCODING 11030
SWIDTH 900 0
DWIDTH 9 0
BBX 9 9 0 -1
BITMAP
0800
1C00
3A00
7900
F880
7900
3A00
1C00
0800
ENDCHAR
STARTCHAR 2B17
ENCODING 11031
SWIDTH 900 0
DWIDTH 9 0
BBX 9 9 0 -1
BITMAP
0800
1400
2600
4700
8780
4700
2600
1400
0800
ENDCHAR
STARTCHAR 2B18
ENCODING 11032
SWIDTH 900 0
DWIDTH 9 0
BBX 9 9 0 -1
BITMAP
0800
1C00
3E00
7F00
8080
4100
2200
1400
0800
ENDCHAR
STARTCHAR 2B19
ENCODING 11033
SWIDTH 900 0
DWIDTH 9 0
BBX 9 9 0 -1
BITMAP
0800
1400
2200
4100
FF80
7F00
3E00
1C00
0800
ENDCHAR
STARTCHAR 2B1A
ENCODING 11034
SWIDTH 800 0
DWIDTH 8 0
BBX 7 7 1 0
BITMAP
02
02
00
02
02
00
DA
ENDCHAR
STARTCHAR 2B1B
ENCODING 11035
SWIDTH 900 0
DWIDTH 9 0
BBX 8 9 1 -1
BITMAP
FF
FF
FF
FF
FF
FF
FF
FF
FF
ENDCHAR
STARTCHAR 2B1C
ENCODING 11036
SWIDTH 1000 0
DWIDTH 10 0
BBX 8 8 1 0
BITMAP
FF
81
81
81
81
81
81
FF
ENDCHAR
STARTCHAR 2B1D
ENCODING 11037
SWIDTH 300 0
DWIDTH 3 0
BBX 2 3 1 2
BITMAP
C0
C0
C0
ENDCHAR
STARTCHAR 2B1E
ENCODING 11038
SWIDTH 200 0
DWIDTH 2 0
BBX 1 2 1 3
BITMAP
80
80
ENDCHAR
STARTCHAR 2B1F
ENCODING 11039
SWIDTH 800 0
DWIDTH 8 0
BBX 7 8 1 0
BITMAP
10
38
FC
FE
FE
FE
FC
7C
ENDCHAR
STARTCHAR 2B20
ENCODING 11040
SWIDTH 800 0
DWIDTH 8 0
BBX 7 8 1 0
BITMAP
10
68
84
82
82
82
84
7C
ENDCHAR
STARTCHAR 2B21
ENCODING 11041
SWIDTH 800 0
DWIDTH 8 0
BBX 7 9 1 -1
BITMAP
30
48
86
82
82
82
82
4C
30
ENDCHAR
STARTCHAR 2B22
ENCODING 11042
SWIDTH 800 0
DWIDTH 8 0
BBX 7 8 1 -1
BITMAP
30
78
FE
FE
FE
FE
FE
78
ENDCHAR
STARTCHAR 2B23
ENCODING 11043
SWIDTH 900 0
DWIDTH 9 0
BBX 8 7 1 0
BITMAP
7C
7E
FF
FF
FE
7E
7C
ENDCHAR
STARTCHAR 2B24
ENCODING 11044
SWIDTH 900 0
DWIDTH 9 0
BBX 8 8 1 0
BITMAP
7C
FE
FF
FF
FF
FE
7E
38
ENDCHAR
STARTCHAR 2B25
ENCODING 11045
SWIDTH 600 0
DWIDTH 6 0
BBX 5 5 1 1
BITMAP
60
F0
F8
70
20
ENDCHAR
STARTCHAR 2B26
ENCODING 11046
SWIDTH 800 0
DWIDTH 8 0
BBX 7 7 1 0
BITMAP
30
48
84
82
44
28
10
ENDCHAR
STARTCHAR 2B27
ENCODING 11047
SWIDTH 500 0
DWIDTH 5 0
BBX 4 7 1 0
BITMAP
40
40
E0
F0
E0
40
40
ENDCHAR
STARTCHAR 2B28
ENCODING 11048
SWIDTH 500 0
DWIDTH 5 0
BBX 4 7 1 0
BITMAP
40
C0
A0
90
A0
C0
40
ENDCHAR
STARTCHAR 2B29
ENCODING 11049
SWIDTH 300 0
DWIDTH 3 0
BBX 2 2 1 2
BITMAP
80
C0
ENDCHAR
STARTCHAR 2B2A
ENCODING 11050
SWIDTH 300 0
DWIDTH 3 0
BBX 2 3 1 2
BITMAP
80
C0
80
ENDCHAR
STARTCHAR 2B2B
ENCODING 11051
SWIDTH 300 0
DWIDTH 3 0
BBX 2 3 1 2
BITMAP
80
C0
80
ENDCHAR
STARTCHAR 2B2C
ENCODING 11052
SWIDTH 800 0
DWIDTH 8 0
BBX 7 5 1 1
BITMAP
7C
FE
FE
FE
38
ENDCHAR
STARTCHAR 2B2D
ENCODING 11053
SWIDTH 800 0
DWIDTH 8 0
BBX 7 5 1 1
BITMAP
7C
82
82
82
7C
ENDCHAR
STARTCHAR 2B2E
ENCODING 11054
SWIDTH 500 0
DWIDTH 5 0
BBX 4 7 1 0
BITMAP
E0
F0
F0
F0
F0
F0
60
ENDCHAR
STARTCHAR 2B2F
ENCODING 11055
SWIDTH 500 0
DWIDTH 5 0
BBX 4 7 1 0
BITMAP
E0
90
90
90
90
90
E0
ENDCHAR
STARTCHAR 2B30
ENCODING 11056
SWIDTH 1000 0
DWIDTH 10 0
BBX 9 4 1 1
BITMAP
4C00
D200
FF80
4E00
ENDCHAR
STARTCHAR 2B31
ENCODING 11057
SWIDTH 1000 0
DWIDTH 10 0
BBX 9 11 1 -2
BITMAP
4000
FF80
4000
4000
C000
FF80
4000
4000
C000
BF00
4000
ENDCHAR
STARTCHAR 2B32
ENCODING 11058
SWIDTH 1100 0
DWIDTH 11 0
BBX 10 6 1 0
BITMAP
0E00
5500
E480
FFC0
5500
0F00
ENDCHAR
STARTCHAR 2B33
ENCODING 11059
SWIDTH 1600 0
DWIDTH 16 0
BBX 15 4 1 1
BITMAP
4000
C054
FFAA
4008
ENDCHAR
STARTCHAR 2B34
ENCODING 11060
SWIDTH 1000 0
DWIDTH 10 0
BBX 9 4 1 1
BITMAP
5000
F400
FF80
5400
ENDCHAR
STARTCHAR 2B35
ENCODING 11061
SWIDTH 1100 0
DWIDTH 11 0
BBX 10 4 1 1
BITMAP
5100
F500
FFC0
5500
ENDCHAR
STARTCHAR 2B36
ENCODING 11062
SWIDTH 1000 0
DWIDTH 10 0
BBX 9 4 1 1
BITMAP
0080
F080
FF80
5080
ENDCHAR
STARTCHAR 2B37
ENCODING 11063
SWIDTH 1200 0
DWIDTH 12 0
BBX 11 4 1 1
BITMAP
1020
F040
FEC0
5020
ENDCHAR
STARTCHAR 2B38
ENCODING 11064
SWIDTH 1000 0
DWIDTH 10 0
BBX 9 3 1 2
BITMAP
C000
B580
4000
ENDCHAR
STARTCHAR 2B39
ENCODING 11065
SWIDTH 1000 0
DWIDTH 10 0
BBX 9 4 1 1
BITMAP
0880
C900
FE00
4900
ENDCHAR
STARTCHAR 2B3A
ENCODING 11066
SWIDTH 1000 0
DWIDTH 10 0
BBX 9 4 1 1
BITMAP
1480
D500
FE00
5500
ENDCHAR
STARTCHAR 2B3B
ENCODING 11067
SWIDTH 1200 0
DWIDTH 12 0
BBX 11 4 1 1
BITMAP
1020
F040
FFC0
5020
ENDCHAR
STARTCHAR 2B3C
ENCODING 11068
SWIDTH 1200 0
DWIDTH 12 0
BBX 11 4 1 1
BITMAP
1220
F240
FFC0
5220
ENDCHAR
STARTCHAR 2B3D
ENCODING 11069
SWIDTH 1200 0
DWIDTH 12 0
BBX 11 4 1 1
BITMAP
1520
F540
FFC0
5520
ENDCHAR
STARTCHAR 2B3E
ENCODING 11070
SWIDTH 1000 0
DWIDTH 10 0
BBX 9 3 1 2
BITMAP
CA00
FF80
4A00
ENDCHAR
STARTCHAR 2B3F
ENCODING 11071
SWIDTH 1100 0
DWIDTH 11 0
BBX 9 4 1 1
BITMAP
0200
4580
F800
4000
ENDCHAR
STARTCHAR 2B40
ENCODING 11072
SWIDTH 1000 0
DWIDTH 10 0
BBX 9 5 1 1
BITMAP
0E00
4E00
C000
FF80
4000
ENDCHAR
STARTCHAR 2B41
ENCODING 11073
SWIDTH 1000 0
DWIDTH 10 0
BBX 9 4 1 1
BITMAP
4E00
C000
FF80
4000
ENDCHAR
STARTCHAR 2B42
ENCODING 11074
SWIDTH 1000 0
DWIDTH 10 0
BBX 9 6 1 -1
BITMAP
4000
C000
FF80
5400
0A00
1E00
ENDCHAR
STARTCHAR 2B43
ENCODING 11075
SWIDTH 1100 0
DWIDTH 11 0
BBX 9 4 1 0
BITMAP
8100
6080
7F80
C100
ENDCHAR
STARTCHAR 2B44
ENCODING 11076
SWIDTH 1100 0
DWIDTH 11 0
BBX 9 6 1 0
BITMAP
F000
0900
0880
7F80
0900
F800
ENDCHAR
STARTCHAR 2B45
ENCODING 11077
SWIDTH 1000 0
DWIDTH 10 0
BBX 9 8 1 -1
BITMAP
2000
4000
7F00
FF80
8000
FF00
7F80
2000
ENDCHAR
STARTCHAR 2B46
ENCODING 11078
SWIDTH 1000 0
DWIDTH 10 0
BBX 9 8 1 -1
BITMAP
0400
0200
FF00
FF00
0180
FF00
FE00
0400
ENDCHAR
STARTCHAR 2B47
ENCODING 11079
SWIDTH 1000 0
DWIDTH 10 0
BBX 8 4 1 1
BITMAP
72
01
FF
02
ENDCHAR
STARTCHAR 2B48
ENCODING 11080
SWIDTH 1000 0
DWIDTH 10 0
BBX 8 6 1 -1
BITMAP
02
01
FF
52
28
78
ENDCHAR
STARTCHAR 2B49
ENCODING 11081
SWIDTH 1000 0
DWIDTH 10 0
BBX 9 4 1 1
BITMAP
5E00
C000
FF80
4000
ENDCHAR
STARTCHAR 2B4A
ENCODING 11082
SWIDTH 1000 0
DWIDTH 10 0
BBX 9 6 1 -1
BITMAP
4000
C000
FF80
4A00
1600
1E00
ENDCHAR
STARTCHAR 2B4B
ENCODING 11083
SWIDTH 1000 0
DWIDTH 10 0
BBX 9 5 1 0
BITMAP
4000
C000
FF80
5400
0A00
ENDCHAR
STARTCHAR 2B4C
ENCODING 11084
SWIDTH 1000 0
DWIDTH 10 0
BBX 8 5 1 0
BITMAP
02
01
FF
52
28
ENDCHAR
STARTCHAR 2B50
ENCODING 11088
SWIDTH 700 0
DWIDTH 7 0
BBX 5 5 1 1
BITMAP
20
60
98
70
50
ENDCHAR
STARTCHAR 2B51
ENCODING 11089
SWIDTH 400 0
DWIDTH 4 0
BBX 3 3 1 3
BITMAP
40
E0
80
ENDCHAR
STARTCHAR 2B52
ENCODING 11090
SWIDTH 400 0
DWIDTH 4 0
BBX 3 3 1 3
BITMAP
40
E0
80
ENDCHAR
STARTCHAR 2B53
ENCODING 11091
SWIDTH 800 0
DWIDTH 8 0
BBX 7 7 1 0
BITMAP
78
FC
FE
FE
FC
FC
38
ENDCHAR
STARTCHAR 2B54
ENCODING 11092
SWIDTH 800 0
DWIDTH 8 0
BBX 7 7 1 0
BITMAP
78
84
82
82
84
84
78
ENDCHAR
STARTCHAR 2BFE
ENCODING 11262
SWIDTH 600 0
DWIDTH 6 0
BBX 5 6 1 0
BITMAP
08
08
08
08
08
F8
ENDCHAR
STARTCHAR 3012
ENCODING 12306
SWIDTH 700 0
DWIDTH 7 0
BBX 6 7 1 0
BITMAP
FC
00
FC
20
20
20
20
ENDCHAR
STARTCHAR 3030
ENCODING 12336
SWIDTH 1000 0
DWIDTH 10 0
BBX 9 2 1 2
BITMAP
4C80
B300
ENDCHAR
STARTCHAR FE00
ENCODING 65024
SWIDTH 0 0
DWIDTH 0 0
BBX 0 0 0 0
BITMAP
ENDCHAR
STARTCHAR FF5B
ENCODING 65371
SWIDTH 1000 0
DWIDTH 10 0
BBX 3 9 4 -2
BITMAP
60
40
40
40
C0
40
40
40
20
ENDCHAR
STARTCHAR FF5D
ENCODING 65373
SWIDTH 1000 0
DWIDTH 10 0
BBX 3 9 4 -2
BITMAP
C0
40
40
40
60
40
40
40
80
ENDCHAR
ENDFONT
